FLUXO ATUARIAL   -   CIVIL   -   PLANO PREVIDENCI¡RIO   -   BENEFÕCIOS AVALIADOS EM REGIME FINANCEIRO DE CAPITALIZA«√O   -   GERA«√O ATUAL;;;;;;;;;;;;;;;;;;;;;;;;;;;;;;;;;;;;;;;;;;;;;;;;;;;;;;;;;;;;;;;;;;
INFORMA«’ES PRELIMINARES;;;;;CONTRIBUI«’ES FUTURAS DE APOSENTADOS  E PENSIONISTAS -  BENEFÕCIOS CONCEDIDOS;;;;;;;CONTRIBUI«’ES FUTURAS DO ENTE - BENEFÕCIOS A CONCEDER;;;;;;;;CONTRIBUI«’ES FUTURAS DOS ATIVOS - BENEFÕCIOS A CONCEDER;;;;;;;;CONTRIB. FUT. APOSENTADOS - BENEF. A CONCEDER;;;;;CONTRIB. FUT. PENSIONISTAS - BENEF. A CONCEDER;;;;;;OUTRAS RECEITAS - BENEF. A CONCEDER;;;;TOTAL;ENCARGOS - BENEFÕCIOS CONCEDIDOS;;;;;;;ENCARGOS - BENEFÕCIOS A CONCEDER;;;;;;;;;;TOTAL;RESULTADOS;;;;
100101;100201;100301;100401;109001;111000;111101;111201;111301;111401;112000;119900;121000;121100;121200;121300;121400;121500;121600;121700;122000;122100;122200;122300;122400;122500;122600;122700;123000;123100;123200;123300;123400;124000;124100;124200;124300;124400;124500;129000;130101;130201;139901;190000;210000;211001;212001;213001;214001;215001;219901;220000;221000;222000;223000;224000;225000;226000;227000;229000;239901;240000;250001;260001;270001;280001;290001
Instante;Ano;Taxa de Juros (%);Fator de Desconto;Base de C·lculo da ContribuiÁ„o Normal;BenefÌcios Concedidos - ContribuiÁıes dos Aposentados;BenefÌcios Concedidos - ContribuiÁıes Futuras dos Aposentados - Aposentadorias Programadas;BenefÌcios Concedidos - ContribuiÁıes Futuras dos Aposentados - Aposentadorias Especiais de Professores;BenefÌcios Concedidos - ContribuiÁıes Futuras dos Aposentados - Outras Aposentadorias Especiais;BenefÌcios Concedidos - ContribuiÁıes Futuras dos Aposentados - Aposentadorias por Invalidez;BenefÌcios Concedidos - ContribuiÁıes  dos Pensionistas;BenefÌcios Concedidos - CompensaÁ„o Previdenci·ria a Receber;BenefÌcios a Conceder - ContribuiÁıes do Ente;BenefÌcios a Conceder - ContribuiÁıes Futuras do Ente  - Aposentadorias Programadas;BenefÌcios a Conceder - ContribuiÁıes Futuras do Ente  - Aposentadorias Especiais de Professores;BenefÌcios a Conceder - ContribuiÁıes Futuras do Ente  - Outras Aposentadorias Especiais;BenefÌcios a Conceder - ContribuiÁıes Futuras do Ente  - Aposentadorias por Invalidez;BenefÌcios a Conceder - ContribuiÁıes Futuras do Ente  - Pensıes Por Morte de Servidores em Atividade;BenefÌcios a Conceder - ContribuiÁıes Futuras do Ente  - Pensıes Por Morte de Aposentados;BenefÌcios a Conceder - ContribuiÁıes Futuras do Ente  -  Outros BenefÌcios e AuxÌlios;BenefÌcios a Conceder - ContribuiÁıes dos Segurados Ativos;BenefÌcios a Conceder - ContribuiÁıes Futuras dos Segurados Ativos - Aposentadorias Programadas;BenefÌcios a Conceder - ContribuiÁıes Futuras dos Segurados Ativos - Aposentadorias Especiais de Professores;BenefÌcios a Conceder - ContribuiÁıes Futuras dos Segurados Ativos - Outras Aposentadorias Especiais;BenefÌcios a Conceder - ContribuiÁıes Futuras dos Segurados Ativos - Aposentadorias por Invalidez;BenefÌcios a Conceder - ContribuiÁıes Futuras dos Segurados Ativos  - Pensıes Por Morte de Segurados em Atividade;BenefÌcios a Conceder - ContribuiÁıes Futuras dos Segurados Ativos - Pensıes Por Morte de Aposentados;BenefÌcios a Conceder - ContribuiÁıes Futuras dos Segurados Ativos  -  Outros BenefÌcios e AuxÌlios;BenefÌcios a Conceder - ContribuiÁıes dos Aposentados;BenefÌcios a Conceder - ContribuiÁıes Futuras dos Aposentados  - Aposentadorias Programadas;BenefÌcios a Conceder - ContribuiÁıes Futuras dos Aposentados  - Aposentadorias Especiais de Professores;BenefÌcios a Conceder - ContribuiÁıes Futuras dos Aposentados  - Outras Aposentadorias Especiais;BenefÌcios a Conceder - ContribuiÁıes Futuras dos Aposentados  - Aposentadorias por Invalidez;BenefÌcios a Conceder - ContribuiÁıes dos Pensionistas;BenefÌcios a Conceder - ContribuiÁıes Futuras dos Pensionistas - Aposentadorias Programadas;BenefÌcios a Conceder - ContribuiÁıes Futuras dos Pensionistas - Aposentadorias Especiais de Professores;BenefÌcios a Conceder - ContribuiÁıes Futuras dos Pensionistas - Outras Aposentadorias Especiais;BenefÌcios a Conceder - ContribuiÁıes Futuras dos Pensionistas - Aposentadorias por Invalidez;BenefÌcios a Conceder - ContribuiÁıes Futuras dos Pensionistas - Pensıes Por Morte de Segurados em Atividade;BenefÌcios a Conceder - CompensaÁ„o Previdenci·ria a Receber;Plano de AmortizaÁ„o do DÈficit Atuarial estabelecido em lei;Parcelamentos de DÈbitos Previdenci·rios;Valor Atual da Cobertura da InsuficiÍncia Financeira (Outras Receitas);(A) TOTAL DAS RECEITAS COM CONTRIBUI«’ES E COMPENSA«√O PREVIDENCI¡RIA;BenefÌcios Concedidos -  Encargos;BenefÌcios Concedidos - Encargos - Aposentadorias Programadas;BenefÌcios Concedidos - Encargos - Aposentadorias Especiais de Professores;BenefÌcios Concedidos - Encargos - Outras Aposentadorias Especiais;BenefÌcios Concedidos - Encargos - Aposentadorias por Invalidez;BenefÌcios Concedidos - Encargos - Pensıes Por Morte;BenefÌcios Concedidos - Encargos - CompensaÁ„o Previdenci·ria a Pagar;BenefÌcios a Conceder - Encargos;BenefÌcios a Conceder - Encargos -  Aposentadorias Programadas;BenefÌcios a Conceder - Encargos -  Aposentadorias Especiais de Professores;BenefÌcios a Conceder - Encargos -  Outras Aposentadorias Especiais;BenefÌcios a Conceder - Encargos -  Aposentadorias por Invalidez;BenefÌcios a Conceder - Encargos -  Pensıes Por Morte de Servidores em Atividade;BenefÌcios a Conceder - Encargos -  Pensıes Por Morte de Aposentados;BenefÌcios a Conceder - Encargos -  Outros BenefÌcios e AuxÌlios;BenefÌcios a Conceder - Encargos -  CompensaÁ„o Previdenci·ria a Pagar;Outras Despesas;(B) TOTAL  DAS DESPESAS COM BENEFÕCIOS DO PLANO;(C) INSUFICI NCIA OU EXCEDENTE FINANCEIRO (A-B);(D) SALDO ACUMULADO DO EXERCÕCIO  A VALOR ATUAL;(E) RENTABILIDADE ESPERADA (%);(F) Rentabilidade dos Ativos que compıem os Recursos Garantidores;(G) EVOLU«√O DOS RECURSOS GARANTIDORES (Informar o valor acumulado na data da avaliaÁ„o)
;;;;;;;;;;;;;;;;;;;;;;;;;;;;;;;;;;;;;;;5%;;;;;;;;;;;;;;;;;;;;;;;;;;;178.641.337,16
1;2026;5,69;0,94616;59.099.792,7078;342.907,0736;0,00;342.907,0736;0,00;0,00;4.253,2854;727.634,6155;8.273.970,9791;4.697.893,9473;3.576.077,0318;0,00;0,00;0,00;0,00;0,00;8.273.970,9791;4.697.893,9473;3.576.077,0318;0,00;0,00;0,00;0,00;0,00;11,8828;0,00;0,00;0,00;11,8828;2.197,7736;2.197,7736;0,00;0,00;0,00;0,00;55.610,36342;5.105.149,32;6.399.737,202;0,00;29.185.443,47452;16.738.138,17;1.429.329,33;13.123.362,98;0,00;602.557,80;1.582.888,06;0,00;1.112.207,2683;169.986,0509;592.079,615;0,00;106.636,8424;92.094,2818;151.410,4782;0,00;0,00;0,00;17.850.345,4383;11.335.098,03622;189.366.153,51795;5,69;10.809.659,16266;200.786.094,35888
2;2027;5,69;0,89522;59.290.411,2101;339.233,2563;0,00;339.233,2563;0,00;0,00;4.162,7865;716.943,0968;8.300.657,5694;4.712.794,0511;3.587.863,5183;0,00;0,00;0,00;0,00;0,00;8.300.657,5694;4.712.794,0511;3.587.863,5183;0,00;0,00;0,00;0,00;0,00;24,5931;0,00;0,00;0,00;24,5931;4.499,2561;4.499,2561;0,00;0,00;0,00;0,00;80.783,82079;5.231.173,08;6.763.882,2488;0,00;29.742.017,27719;16.498.407,8725;1.385.559,5834;12.953.302,3522;0,00;597.687,3518;1.561.858,5851;0,00;1.615.676,4158;243.319,4446;655.975,4452;0,00;222.632,197;189.564,9114;304.184,4176;0,00;0,00;0,00;18.114.084,2883;11.627.932,98889;211.195.652,52919;5,69;12.086.358,15609;224.500.385,50386
3;2028;5,69;0,84702;57.666.478,2157;335.314,3976;0,00;335.314,3976;0,00;0,00;4.067,4243;705.625,3953;8.073.306,9502;4.650.206,6851;3.423.100,2651;0,00;0,00;0,00;0,00;0,00;8.073.306,9502;4.650.206,6851;3.423.100,2651;0,00;0,00;0,00;0,00;0,00;38,2633;0,00;0,00;0,00;38,2633;6.901,2717;6.901,2717;0,00;0,00;0,00;0,00;189.927,62964;5.359.206,72;7.148.747,1487;0,00;29.896.442,15094;16.244.517,1079;1.340.024,0523;12.772.483,8529;0,00;592.498,6917;1.539.510,511;0,00;3.798.552,5927;825.312,794;1.887.118,3109;0,00;335.826,4624;283.602,5649;466.692,4605;0,00;0,00;0,00;20.043.069,7006;9.853.372,45034;232.846.389,03675;5,69;13.334.728,82759;247.688.486,78179
4;2029;5,69;0,80142;57.278.958,6536;331.135,0223;0,00;331.135,0223;0,00;0,00;3.967,403;693.671,2219;8.019.054,2115;4.635.910,2106;3.383.144,0009;0,00;0,00;0,00;0,00;0,00;8.019.054,2115;4.635.910,2106;3.383.144,0009;0,00;0,00;0,00;0,00;0,00;53,0264;0,00;0,00;0,00;53,0264;9.399,8813;9.399,8813;0,00;0,00;0,00;0,00;238.505,61566;5.489.278,08;7.555.510,8615;0,00;30.359.629,53506;15.976.179,5708;1.293.038,206;12.580.386,2318;0,00;586.970,5909;1.515.784,5421;0,00;4.770.112,3132;1.049.306,0958;2.251.608,6705;0,00;456.642,1369;381.850,3796;630.705,0304;0,00;0,00;0,00;20.746.291,884;9.613.337,65106;255.392.807,8421;5,69;14.640.473,81023;271.942.298,24308
5;2030;5,69;0,75827;54.552.369,8109;326.678,5236;0,00;326.678,5236;0,00;0,00;3.862,4993;681.159,9334;7.637.331,7735;4.581.673,892;3.055.657,8815;0,00;0,00;0,00;0,00;0,00;7.637.331,7735;4.581.673,892;3.055.657,8815;0,00;0,00;0,00;0,00;0,00;69,0342;0,00;0,00;0,00;69,0342;11.990,404;11.990,404;0,00;0,00;0,00;0,00;398.606,30253;5.621.414,76;7.985.419,4295;0,00;30.303.864,43353;15.694.894,2698;1.246.721,1496;12.376.477,5188;0,00;581.075,1446;1.490.620,4568;0,00;7.972.126,0506;1.559.453,308;4.574.237,5012;0,00;560.350,0451;470.242,9351;807.842,2612;0,00;0,00;0,00;23.667.020,3204;6.636.844,11313;276.974.818,02874;5,69;15.851.153,20007;294.430.295,55628
6;2031;5,69;0,71745;53.301.161,9257;321.927,7988;0,00;321.927,7988;0,00;0,00;3.752,199;668.138,901;7.462.162,6696;4.556.780,1004;2.905.382,5692;0,00;0,00;0,00;0,00;0,00;7.462.162,6696;4.556.780,1004;2.905.382,5692;0,00;0,00;0,00;0,00;0,00;86,4577;0,00;0,00;0,00;86,4577;14.667,9687;14.667,9687;0,00;0,00;0,00;0,00;487.440,42092;5.755.645,44;8.439.789,7951;0,00;30.615.774,32042;15.401.525,1067;1.202.559,3583;12.160.218,6623;0,00;574.779,1388;1.463.967,9473;0,00;9.748.808,4184;1.863.436,3426;5.670.998,3626;0,00;665.924,7726;556.759,795;991.689,1456;0,00;0,00;0,00;25.150.333,5251;5.465.440,79532;298.351.476,05488;5,69;17.064.067,39841;316.959.803,75001
7;2032;5,69;0,67882;52.068.311,6595;316.865,2197;0,00;316.865,2197;0,00;0,00;3.636,0279;654.626,5732;7.289.563,6323;4.504.176,9869;2.785.386,6454;0,00;0,00;0,00;0,00;0,00;7.289.563,6323;4.504.176,9869;2.785.386,6454;0,00;0,00;0,00;0,00;0,00;105,4996;0,00;0,00;0,00;105,4996;17.404,5381;17.404,5381;0,00;0,00;0,00;0,00;568.725,76295;5.891.998,44;8.920.013,8344;0,00;30.952.503,16045;15.096.378,3086;1.161.520,0564;11.931.011,4075;0,00;568.044,8211;1.435.802,0236;0,00;11.374.515,2589;2.315.162,2225;6.465.005,3137;0,00;772.275,0151;641.867,8144;1.180.204,8932;0,00;0,00;0,00;26.470.893,5675;4.481.609,59295;320.002.009,9739;5,69;18.290.016,41921;339.731.429,76217
8;2033;5,69;0,64227;50.492.734,2934;311.514,3179;0,00;311.514,3179;0,00;0,00;3.513,9212;640.879,4582;7.068.982,801;4.426.548,9951;2.642.433,8059;0,00;0,00;0,00;0,00;0,00;7.068.982,801;4.426.548,9951;2.642.433,8059;0,00;0,00;0,00;0,00;0,00;126,374;0,00;0,00;0,00;126,374;20.240,7173;20.240,7173;0,00;0,00;0,00;0,00;667.804,92109;6.030.503,04;9.427.562,6216;0,00;31.240.110,97329;14.784.566,3643;1.121.474,9186;11.696.114,2463;0,00;560.835,9498;1.406.141,2496;0,00;13.356.098,4217;2.897.115,5872;7.472.239,3109;0,00;878.186,9414;725.425,5539;1.383.131,0283;0,00;0,00;0,00;28.140.664,786;3.099.446,18729;341.722.111,06488;5,69;19.507.076,84152;362.337.952,79098
9;2034;5,69;0,60769;49.531.551,4938;305.816,3015;0,00;305.816,3015;0,00;0,00;3.386,8213;626.358,0862;6.934.417,2092;4.383.314,3075;2.551.102,9017;0,00;0,00;0,00;0,00;0,00;6.934.417,2092;4.383.314,3075;2.551.102,9017;0,00;0,00;0,00;0,00;0,00;149,3395;0,00;0,00;0,00;149,3395;23.141,1963;23.141,1963;0,00;0,00;0,00;0,00;735.768,12319;6.171.188,40;9.963.990,9347;0,00;31.698.633,62109;14.455.345,7507;1.080.682,9348;11.446.478,7884;0,00;553.123,0373;1.375.060,9902;0,00;14.715.362,4638;3.248.832,6962;8.076.652,2619;0,00;987.513,5359;809.089,1439;1.593.274,8259;0,00;0,00;0,00;29.170.708,2145;2.527.925,40659;363.874.147,78131;5,69;20.760.868,46944;385.626.746,66701
10;2035;5,69;0,57497;48.082.909,3628;299.758,4157;0,00;299.758,4157;0,00;0,00;3.256,7027;610.976,8961;6.731.607,3108;4.332.361,0763;2.399.246,2345;0,00;0,00;0,00;0,00;0,00;6.731.607,3108;4.332.361,0763;2.399.246,2345;0,00;0,00;0,00;0,00;0,00;174,6783;0,00;0,00;0,00;174,6783;26.089,2545;26.089,2545;0,00;0,00;0,00;0,00;823.329,39866;6.314.084,52;19.357.091,304;0,00;40.897.975,79156;14.107.121,5146;1.037.741,4198;11.181.796,5029;0,00;544.887,5534;1.342.696,0385;0,00;16.466.587,9731;3.643.993,8371;9.023.250,2939;0,00;1.098.196,3115;890.440,0998;1.810.707,4308;0,00;0,00;0,00;30.573.709,4877;10.324.266,30386;391.562.890,06374;5,69;22.529.612,63804;418.480.625,60891
11;2036;5,69;0,54402;46.950.991,003;293.330,2771;0,00;293.330,2771;0,00;0,00;3.126,2862;594.730,3822;6.573.138,7404;4.271.703,4857;2.301.435,2547;0,00;0,00;0,00;0,00;0,00;6.573.138,7404;4.271.703,4857;2.301.435,2547;0,00;0,00;0,00;0,00;0,00;202,7224;0,00;0,00;0,00;202,7224;29.065,3345;29.065,3345;0,00;0,00;0,00;0,00;896.241,35987;6.459.221,40;20.458.509,7991;0,00;41.880.705,04217;13.739.955,941;992.664,791;10.901.942,8522;0,00;536.124,9662;1.309.223,3316;0,00;17.924.827,1973;4.099.805,2116;9.609.414,4479;0,00;1.212.430,2929;971.553,5165;2.031.623,7284;0,00;0,00;0,00;31.664.783,1383;10.215.921,90387;424.038.291,44305;5,69;24.392.833,55348;453.089.381,06626
12;2037;5,69;0,51473;45.668.674,3209;286.522,118;0,00;286.522,118;0,00;0,00;2.998,3714;577.620,2415;6.393.614,4049;4.193.128,034;2.200.486,3709;0,00;0,00;0,00;0,00;0,00;6.393.614,4049;4.193.128,034;2.200.486,3709;0,00;0,00;0,00;0,00;0,00;233,8183;0,00;0,00;0,00;233,8183;32.045,9947;32.045,9947;0,00;0,00;0,00;0,00;972.254,24947;6.606.629,64;21.622.599,0067;0,00;42.888.132,24987;13.355.116,2752;945.544,1563;10.606.860,6745;0,00;526.836,4673;1.275.874,9771;0,00;19.445.084,9893;4.665.749,9353;10.144.095,9936;0,00;1.328.660,2945;1.052.376,6468;2.254.202,1191;0,00;0,00;0,00;32.800.201,2645;10.087.930,98537;458.281.941,78236;5,69;26.354.789,05574;489.532.101,10737
13;2038;5,69;0,48702;44.157.223,8833;279.324,7279;0,00;279.324,7279;0,00;0,00;2.874,934;559.705,1199;6.182.011,3436;4.105.468,6673;2.076.542,6763;0,00;0,00;0,00;0,00;0,00;6.182.011,3436;4.105.468,6673;2.076.542,6763;0,00;0,00;0,00;0,00;0,00;268,3934;0,00;0,00;0,00;268,3934;34.986,1607;34.986,1607;0,00;0,00;0,00;0,00;1.051.388,23982;6.756.340,20;22.852.924,8902;0,00;43.901.835,35312;12.952.818,4521;897.563,4141;10.296.538,9831;0,00;517.020,6033;1.241.695,4516;0,00;21.027.764,7963;5.205.258,3316;10.769.695,2189;0,00;1.445.699,317;1.130.936,7266;2.476.175,2022;0,00;0,00;0,00;33.980.583,2484;9.921.252,10472;494.363.949,30741;5,69;28.418.895,79777;527.872.249,00986
14;2039;5,69;0,4608;42.722.858,5746;271.773,3195;0,00;271.773,3195;0,00;0,00;2.838,6832;541.229,4368;5.981.200,2005;3.998.632,2164;1.982.567,9841;0,00;0,00;0,00;0,00;0,00;5.981.200,2005;3.998.632,2164;1.982.567,9841;0,00;0,00;0,00;0,00;0,00;306,9054;0,00;0,00;0,00;306,9054;37.907,999;37.907,999;0,00;0,00;0,00;0,00;1.130.385,07145;6.908.384,16;22.680.423,3104;0,00;43.535.649,28675;12.544.009,1013;847.947,0793;9.976.641,657;0,00;506.661,7417;1.212.758,6233;0,00;22.607.701,429;5.889.492,4757;11.244.613,6144;0,00;1.564.007,3134;1.206.801,3979;2.702.786,6276;0,00;0,00;0,00;35.151.710,5303;8.383.938,75645;531.735.567,98883;5,69;30.512.977,0839;566.769.164,85021
15;2040;5,69;0,43599;41.205.465,1052;263.812,5722;0,00;263.812,5722;0,00;0,00;2.800,2843;522.055,2635;5.768.765,1148;3.889.487,9057;1.879.277,2091;0,00;0,00;0,00;0,00;0,00;5.768.765,1148;3.889.487,9057;1.879.277,2091;0,00;0,00;0,00;0,00;0,00;349,8713;0,00;0,00;0,00;349,8713;40.728,7793;40.728,7793;0,00;0,00;0,00;0,00;1.205.047,46094;7.062.793,44;0,00;0,00;20.635.117,90114;12.119.651,184;798.945,477;9.642.159,7929;0,00;495.720,896;1.182.825,0181;0,00;24.100.949,2187;6.536.037,9671;11.676.874,0995;0,00;1.683.136,4325;1.279.153,1546;2.925.747,565;0,00;0,00;0,00;36.220.600,4027;-15.585.482,50156;559.974.050,33436;5,69;31.362.351,52564;582.546.033,87429
16;2041;5,69;0,41252;39.201.394,7162;255.475,0566;0,00;255.475,0566;0,00;0,00;2.759,7872;502.422,1168;5.488.195,2603;3.714.448,7218;1.773.746,5385;0,00;0,00;0,00;0,00;0,00;5.488.195,2603;3.714.448,7218;1.773.746,5385;0,00;0,00;0,00;0,00;0,00;397,8603;0,00;0,00;0,00;397,8603;43.457,9181;43.457,9181;0,00;0,00;0,00;0,00;1.296.854,99337;7.219.600,08;0,00;0,00;20.297.358,33297;11.685.609,5151;750.834,8039;9.297.607,5317;0,00;484.140,941;1.153.026,2385;0,00;25.937.099,8673;7.561.900,0997;12.078.638,6793;0,00;1.798.587,2022;1.346.359,8595;3.151.614,0266;0,00;0,00;0,00;37.622.709,3824;-17.325.351,04943;575.398.980,05938;5,69;32.161.056,85273;597.381.739,67759
17;2042;5,69;0,39031;36.953.872,30;246.717,8051;0,00;246.717,8051;0,00;0,00;2.717,1714;482.182,7231;5.173.542,122;3.574.801,2006;1.598.740,9214;0,00;0,00;0,00;0,00;0,00;5.173.542,122;3.574.801,2006;1.598.740,9214;0,00;0,00;0,00;0,00;0,00;451,5112;0,00;0,00;0,00;451,5112;46.030,2222;46.030,2222;0,00;0,00;0,00;0,00;1.395.438,99335;7.378.836,48;0,00;0,00;19.899.459,15035;11.238.149,3062;705.661,8373;8.937.992,6247;0,00;471.852,6077;1.122.642,2365;0,00;27.908.779,8669;8.319.336,672;12.898.924,2616;0,00;1.908.323,661;1.404.935,6957;3.377.259,5766;0,00;0,00;0,00;39.146.929,1731;-19.247.470,02275;589.869.259,65301;5,69;32.895.839,94336;611.030.109,5982
18;2043;5,69;0,3693;35.107.311,3649;237.539,9214;0,00;237.539,9214;0,00;0,00;2.672,3221;461.541,6862;4.915.023,5911;3.434.579,9692;1.480.443,6219;0,00;0,00;0,00;0,00;0,00;4.915.023,5911;3.434.579,9692;1.480.443,6219;0,00;0,00;0,00;0,00;0,00;511,5092;0,00;0,00;0,00;511,5092;48.409,6709;48.409,6709;0,00;0,00;0,00;0,00;1.472.402,11901;7.452.624,84;0,00;0,00;19.505.749,25101;10.787.111,5975;661.087,8816;8.569.745,8429;0,00;458.793,6976;1.097.484,1754;0,00;29.448.042,3801;9.053.590,4578;13.315.162,0303;0,00;2.016.213,3851;1.460.123,7768;3.602.952,7301;0,00;0,00;0,00;40.235.153,9776;-20.729.404,72659;603.374.740,43267;5,69;33.588.110,10719;623.888.814,9788
19;2044;5,69;0,34942;33.508.292,5695;227.943,0688;0,00;227.943,0688;0,00;0,00;2.625,002;440.789,2179;4.691.160,9597;3.299.538,1272;1.391.622,8325;0,00;0,00;0,00;0,00;0,00;4.691.160,9597;3.299.538,1272;1.391.622,8325;0,00;0,00;0,00;0,00;0,00;578,5999;0,00;0,00;0,00;578,5999;50.498,5795;50.498,5795;0,00;0,00;0,00;0,00;1.536.634,92721;7.527.151,20;0,00;0,00;19.168.542,51471;10.332.333,9661;622.371,56;8.193.412,7972;0,00;444.929,7325;1.071.619,8764;0,00;30.732.698,5441;9.729.617,3978;13.551.570,8963;0,00;2.121.776,8905;1.510.470,148;3.819.263,2115;0,00;0,00;0,00;41.065.032,5102;-21.896.489,99549;616.237.743,44458;5,69;34.253.363,29155;636.245.688,27486
20;2045;5,69;0,33061;30.767.439,6489;218.331,4201;0,00;218.331,4201;0,00;0,00;2.574,8636;420.359,895;4.307.441,5508;3.072.746,0824;1.234.695,4684;0,00;0,00;0,00;0,00;0,00;4.307.441,5508;3.072.746,0824;1.234.695,4684;0,00;0,00;0,00;0,00;0,00;653,5872;0,00;0,00;0,00;653,5872;52.410,006;52.410,006;0,00;0,00;0,00;0,00;1.644.426,5839;7.602.422,64;0,00;0,00;18.556.062,0974;9.885.423,8148;586.960,8786;7.820.237,0207;0,00;430.265,7666;1.047.960,1489;0,00;32.888.531,678;10.897.100,8641;14.182.804,2682;0,00;2.216.413,1355;1.552.582,2546;4.039.631,1556;0,00;0,00;0,00;42.773.955,4928;-24.217.893,3954;628.239.010,53941;5,69;34.824.381,52864;646.852.176,4081
21;2046;5,69;0,31281;28.741.298,9183;208.532,657;0,00;208.532,657;0,00;0,00;2.521,5057;400.522,7037;4.023.781,8485;2.904.326,2807;1.119.455,5678;0,00;0,00;0,00;0,00;0,00;4.023.781,8485;2.904.326,2807;1.119.455,5678;0,00;0,00;0,00;0,00;0,00;737,3323;0,00;0,00;0,00;737,3323;54.146,2223;54.146,2223;0,00;0,00;0,00;0,00;1.716.953,90965;7.678.446,84;0,00;0,00;18.109.424,86765;9.448.908,0721;557.248,3756;7.453.205,6976;0,00;414.858,1268;1.023.595,8721;0,00;34.339.078,193;11.653.395,5032;14.524.809,5211;0,00;2.305.170,3739;1.589.518,4023;4.266.184,3925;0,00;0,00;0,00;43.787.986,2651;-25.678.561,39745;638.819.665,61736;5,69;35.344.778,69411;656.518.393,70476
22;2047;5,69;0,29597;26.792.610,0586;198.445,822;0,00;198.445,822;0,00;0,00;2.464,5458;380.029,5171;3.750.965,4082;2.743.334,2042;1.007.631,204;0,00;0,00;0,00;0,00;0,00;3.750.965,4082;2.743.334,2042;1.007.631,204;0,00;0,00;0,00;0,00;0,00;830,8106;0,00;0,00;0,00;830,8106;55.470,0593;55.470,0593;0,00;0,00;0,00;0,00;1.781.862,79024;7.755.231,36;0,00;0,00;17.676.265,72144;8.997.979,4668;517.710,5995;7.082.879,7423;0,00;398.800,0824;998.589,0426;0,00;35.637.255,8047;12.347.038,6925;14.805.061,5072;0,00;2.386.938,8792;1.619.088,6962;4.479.128,0296;0,00;0,00;0,00;44.635.235,2715;-26.958.969,55006;648.539.347,48703;5,69;35.821.931,2344;665.381.355,3891
23;2048;5,69;0,28004;25.017.322,2644;188.260,2831;0,00;188.260,2831;0,00;0,00;2.403,7127;359.680,6705;3.502.425,117;2.588.125,1982;914.299,9188;0,00;0,00;0,00;0,00;0,00;3.502.425,117;2.588.125,1982;914.299,9188;0,00;0,00;0,00;0,00;0,00;6.291,9756;5.444,1238;0,00;0,00;847,8518;56.438,8676;56.438,8676;0,00;0,00;0,00;0,00;1.836.363,81493;7.832.783,64;0,00;0,00;17.287.073,19843;8.554.006,5573;470.220,9264;6.723.392,4838;0,00;382.940,5403;977.452,6068;0,00;36.727.276,2986;12.981.371,7706;14.964.009,5892;0,00;2.462.895,634;1.644.593,2115;4.674.406,0933;0,00;0,00;0,00;45.281.282,8559;-27.994.209,65747;657.541.856,91662;5,69;36.267.328,59213;673.654.474,32376
24;2049;5,69;0,26496;22.690.794,8544;177.902,9878;0,00;177.902,9878;0,00;0,00;2.338,8577;339.086,2862;3.176.711,2796;2.356.509,8578;820.201,4218;0,00;0,00;0,00;0,00;0,00;3.176.711,2796;2.356.509,8578;820.201,4218;0,00;0,00;0,00;0,00;0,00;6.217,142;5.349,6167;0,00;0,00;867,5253;57.123,9736;57.123,9736;0,00;0,00;0,00;0,00;1.907.837,6426;7.911.111,48;0,00;0,00;16.755.040,9291;8.104.392,6044;419.151,8471;6.362.573,8774;0,00;367.306,5149;955.360,365;0,00;38.156.752,8519;14.020.749,5612;15.083.503,1746;0,00;2.527.796,7329;1.663.794,0402;4.860.909,343;0,00;0,00;0,00;46.261.145,4563;-29.506.104,5272;665.836.536,86823;5,69;36.652.042,24142;680.800.412,03798
25;2050;5,69;0,2507;20.243.566,975;166.959,3718;0,00;166.959,3718;0,00;0,00;2.269,9304;316.137,2438;2.834.099,3765;2.201.888,7772;632.210,5993;0,00;0,00;0,00;0,00;0,00;2.834.099,3765;2.201.888,7772;632.210,5993;0,00;0,00;0,00;0,00;0,00;6.140,6046;5.250,2727;0,00;0,00;890,3319;56.997,922;56.997,922;0,00;0,00;0,00;0,00;1.972.731,74746;7.990.222,56;0,00;0,00;16.179.658,13306;7.606.378,2191;383.682,2594;5.939.062,6169;0,00;351.191,2204;932.442,1224;0,00;39.454.634,9492;14.543.677,282;15.649.677,1574;0,00;2.580.974,1855;1.677.079,3897;5.003.226,9346;0,00;0,00;0,00;47.061.013,1683;-30.881.355,03524;673.058.456,33065;5,69;36.980.394,34346;686.899.451,3462
26;2051;5,69;0,2372;18.173.024,0529;156.840,9887;0,00;156.840,9887;0,00;0,00;2.196,9367;297.963,9845;2.544.223,3674;2.017.133,8751;527.089,4923;0,00;0,00;0,00;0,00;0,00;2.544.223,3674;2.017.133,8751;527.089,4923;0,00;0,00;0,00;0,00;0,00;6.063,4652;5.146,6676;0,00;0,00;916,7976;57.093,5674;57.093,5674;0,00;0,00;0,00;0,00;2.023.846,56857;8.070.124,80;0,00;0,00;15.702.577,04587;7.204.213,8018;363.354,0632;5.595.925,6265;0,00;335.353,2223;909.580,8898;0,00;40.476.931,3713;15.219.437,4344;15.772.716,6663;0,00;2.621.559,8663;1.684.397,0071;5.178.820,3972;0,00;0,00;0,00;47.681.145,1731;-31.978.568,12723;679.314.134,98642;5,69;37.264.998,25516;692.185.881,47413
27;2052;5,69;0,22443;16.505.570,8328;146.813,2079;0,00;146.813,2079;0,00;0,00;2.119,8705;280.773,8883;2.310.779,9166;1.867.902,3286;442.877,588;0,00;0,00;0,00;0,00;0,00;2.310.779,9166;1.867.902,3286;442.877,588;0,00;0,00;0,00;0,00;0,00;5.986,3741;5.038,9362;0,00;0,00;947,4379;56.533,0206;56.533,0206;0,00;0,00;0,00;0,00;2.053.720,90623;8.150.826,12;0,00;0,00;15.318.333,22083;6.820.745,9667;356.572,1678;5.258.905,5984;0,00;319.062,8981;886.205,3024;0,00;41.074.418,1245;15.631.580,3625;15.767.566,0781;0,00;2.650.303,6321;1.687.563,9534;5.337.404,0984;0,00;0,00;0,00;47.895.164,0912;-32.576.830,87037;684.874.663,32189;5,69;37.531.754,97935;697.140.805,58311
28;2053;5,69;0,21235;14.508.508,1854;137.214,807;0,00;137.214,807;0,00;0,00;2.038,7308;264.787,9531;2.031.191,146;1.695.029,595;336.161,551;0,00;0,00;0,00;0,00;0,00;2.031.191,146;1.695.029,595;336.161,551;0,00;0,00;0,00;0,00;0,00;5.909,1868;4.926,4571;0,00;0,00;982,7297;55.764,2212;55.764,2212;0,00;0,00;0,00;0,00;2.091.911,45064;8.232.334,32;0,00;0,00;14.852.342,96154;6.464.474,2556;355.103,8118;4.940.655,2503;0,00;303.719,3674;864.995,8261;0,00;41.838.229,0128;16.152.966,239;15.844.163,2241;0,00;2.673.243,8108;1.683.186,3819;5.484.669,357;0,00;0,00;0,00;48.302.703,2684;-33.450.360,30686;690.037.621,57195;5,69;37.763.986,33622;701.454.431,61247
29;2054;5,69;0,20092;12.749.095,6165;128.040,2219;0,00;128.040,2219;0,00;0,00;1.953,5543;249.849,4626;1.784.873,3864;1.502.972,9719;281.900,4145;0,00;0,00;0,00;0,00;0,00;1.784.873,3864;1.502.972,9719;281.900,4145;0,00;0,00;0,00;0,00;0,00;5.831,078;4.807,9696;0,00;0,00;1.023,1084;54.943,5065;54.943,5065;0,00;0,00;0,00;0,00;2.119.914,68175;8.314.657,68;0,00;0,00;14.444.936,95785;6.122.590,427;355.103,8118;4.641.885,4408;0,00;288.590,7657;837.010,4087;0,00;42.398.293,6349;16.769.470,2997;15.649.189,8795;0,00;2.679.475,6274;1.670.726,5961;5.629.431,2322;0,00;0,00;0,00;48.520.884,0619;-34.075.947,10405;694.607.892,32032;5,69;37.973.835,76853;705.352.320,27695
30;2055;5,69;0,1901;11.332.931,1671;119.114,9044;0,00;119.114,9044;0,00;0,00;1.864,5114;235.133,3992;1.586.610,3634;1.335.887,247;250.723,1164;0,00;0,00;0,00;0,00;0,00;1.586.610,3634;1.335.887,247;250.723,1164;0,00;0,00;0,00;0,00;0,00;11.490,1435;10.486,9214;0,00;0,00;1.003,2221;53.904,6467;53.904,6467;0,00;0,00;0,00;0,00;2.129.820,66298;0,00;0,00;0,00;5.724.548,99498;5.794.134,7472;347.753,0949;4.354.914,8887;0,00;273.093,2543;818.373,5093;0,00;42.596.413,2596;17.199.481,7802;15.303.364,1332;0,00;2.679.051,6346;1.650.163,6954;5.764.352,0162;0,00;0,00;0,00;48.390.548,0068;-42.665.999,01182;697.241.513,8648;5,69;37.706.851,67999;700.393.172,94512
31;2056;5,69;0,17987;9.773.787,7502;110.579,8879;0,00;110.579,8879;0,00;0,00;1.167,4115;219.901,5379;1.368.330,285;1.187.958,8847;180.371,4003;0,00;0,00;0,00;0,00;0,00;1.368.330,285;1.187.958,8847;180.371,4003;0,00;0,00;0,00;0,00;0,00;11.254,8404;10.273,056;0,00;0,00;981,7844;52.223,0585;52.223,0585;0,00;0,00;0,00;0,00;2.137.981,20547;0,00;0,00;0,00;5.269.768,51167;5.413.883,5176;347.753,0949;4.050.277,6632;0,00;258.755,2437;757.097,5158;0,00;42.759.624,1093;17.489.315,1316;15.133.845,8859;0,00;2.667.841,6444;1.624.172,1916;5.844.449,2558;0,00;0,00;0,00;48.173.507,6269;-42.903.739,11523;692.676.077,39046;5,69;37.411.148,78492;694.900.582,61481
32;2057;5,69;0,17019;8.504.978,0255;103.189,8947;0,00;103.189,8947;0,00;0,00;1.072,4727;207.112,2554;1.190.696,9235;1.053.676,7035;137.020,22;0,00;0,00;0,00;0,00;0,00;1.190.696,9235;1.053.676,7035;137.020,22;0,00;0,00;0,00;0,00;0,00;11.000,6555;10.042,0278;0,00;0,00;958,6277;50.543,5024;50.543,5024;0,00;0,00;0,00;0,00;2.132.988,87016;0,00;0,00;0,00;4.887.301,49786;5.125.366,2379;334.258,4275;3.807.986,6811;0,00;244.376,2171;738.744,9122;0,00;42.659.777,4032;17.686.035,8181;14.807.101,0867;0,00;2.647.035,0522;1.591.533,781;5.928.071,6652;0,00;0,00;0,00;47.785.143,6411;-42.897.842,14324;687.599.798,86045;5,69;37.098.955,93283;689.101.696,4044
33;2058;5,69;0,16103;7.327.203,4943;96.601,0323;0,00;96.601,0323;0,00;0,00;976,2854;194.557,3821;1.025.808,4892;926.485,0668;99.323,4224;0,00;0,00;0,00;0,00;0,00;1.025.808,4892;926.485,0668;99.323,4224;0,00;0,00;0,00;0,00;0,00;10.727,036;9.793,3407;0,00;0,00;933,6953;48.623,2582;48.623,2582;0,00;0,00;0,00;0,00;2.117.922,91813;0,00;0,00;0,00;4.521.024,89053;4.835.336,6516;321.248,3458;3.569.899,2958;0,00;230.808,4259;713.380,5841;0,00;42.358.458,3625;17.792.474,0845;14.434.818,548;0,00;2.616.228,8486;1.555.020,9545;5.959.915,9269;0,00;0,00;0,00;47.193.795,0141;-42.672.770,12357;682.230.100,2314;5,69;36.781.805,90538;683.210.732,18621
34;2059;5,69;0,15236;6.240.491,0577;92.348,024;0,00;92.348,024;0,00;0,00;880,3415;186.879,9144;873.668,748;818.532,3723;55.136,3757;0,00;0,00;0,00;0,00;0,00;873.668,748;818.532,3723;55.136,3757;0,00;0,00;0,00;0,00;0,00;10.434,9719;9.527,8995;0,00;0,00;907,0724;47.701,4859;47.701,4859;0,00;0,00;0,00;0,00;2.098.490,73005;0,00;0,00;0,00;4.184.072,96375;4.653.875,7245;296.066,9551;3.441.531,3332;0,00;222.129,6686;694.147,7676;0,00;41.969.814,6009;17.762.077,8025;14.085.170,6694;0,00;2.578.497,4332;1.512.585,5485;6.031.483,1473;0,00;0,00;0,00;46.623.690,3254;-42.439.617,36165;676.744.632,08499;5,69;36.459.876,43352;677.230.991,25808
35;2060;5,69;0,14416;5.338.841,2296;88.851,1833;0,00;88.851,1833;0,00;0,00;786,1872;179.426,7711;747.437,7721;697.733,9197;49.703,8524;0,00;0,00;0,00;0,00;0,00;747.437,7721;697.733,9197;49.703,8524;0,00;0,00;0,00;0,00;0,00;10.126,4254;9.247,4893;0,00;0,00;878,9361;46.615,618;46.615,618;0,00;0,00;0,00;0,00;2.066.720,02439;0,00;0,00;0,00;3.887.401,75359;4.437.270,79;289.954,0908;3.298.581,3314;0,00;214.591,7713;634.143,5965;0,00;41.334.400,4877;17.771.608,1033;13.501.877,6858;0,00;2.531.202,4719;1.464.780,7999;6.064.931,4268;0,00;0,00;0,00;45.771.671,2777;-41.884.269,52411;671.192.954,96348;5,69;36.151.228,46666;671.497.950,20063
36;2061;5,69;0,1364;4.703.820,5522;85.968,1804;0,00;85.968,1804;0,00;0,00;736,1422;171.187,3231;658.534,8773;636.484,677;22.050,2003;0,00;0,00;0,00;0,00;0,00;658.534,8773;636.484,677;22.050,2003;0,00;0,00;0,00;0,00;0,00;9.803,1964;8.953,746;0,00;0,00;849,4504;45.517,9402;45.517,9402;0,00;0,00;0,00;0,00;2.023.009,64656;0,00;0,00;0,00;3.653.292,18346;4.250.315,1799;248.287,1861;3.175.459,2761;0,00;207.462,4401;619.106,2776;0,00;40.460.192,9312;17.427.771,1938;13.057.052,1426;0,00;2.479.306,5375;1.416.562,3821;6.079.500,6752;0,00;0,00;0,00;44.710.508,1111;-41.057.215,92764;665.897.745,9481;5,69;35.872.077,78013;666.312.812,05312
37;2062;5,69;0,12906;3.856.142,4994;81.734,2262;0,00;81.734,2262;0,00;0,00;686,9855;162.352,3612;539.859,95;528.863,9696;10.995,9804;0,00;0,00;0,00;0,00;0,00;539.859,95;528.863,9696;10.995,9804;0,00;0,00;0,00;0,00;0,00;9.466,1215;8.647,4268;0,00;0,00;818,6947;43.729,0608;43.729,0608;0,00;0,00;0,00;0,00;1.983.665,62304;0,00;0,00;0,00;3.361.354,27824;4.031.099,0885;225.050,1785;3.021.997,0454;0,00;200.052,9248;583.998,9398;0,00;39.673.312,4607;17.340.272,8775;12.500.801,3077;0,00;2.421.072,2655;1.363.662,4213;6.047.503,5887;0,00;0,00;0,00;43.704.411,5492;-40.343.057,27096;661.106.137,08173;5,69;35.617.679,0471;661.587.433,82926
38;2063;5,69;0,12211;3.013.651,0596;79.212,2992;0,00;79.212,2992;0,00;0,00;640,1318;152.431,1963;421.911,1484;416.364,4323;5.546,7161;0,00;0,00;0,00;0,00;0,00;421.911,1484;416.364,4323;5.546,7161;0,00;0,00;0,00;0,00;0,00;9.114,0918;8.327,5181;0,00;0,00;786,5737;42.351,344;42.351,344;0,00;0,00;0,00;0,00;1.942.182,30122;0,00;0,00;0,00;3.069.753,66112;3.810.184,0768;185.293,1344;2.863.330,7909;0,00;192.358,7224;569.201,4291;0,00;38.843.646,0243;17.264.869,4953;11.943.029,5231;0,00;2.351.236,193;1.310.171,5716;5.974.339,2413;0,00;0,00;0,00;42.653.830,1011;-39.584.076,43998;656.753.822,25517;5,69;35.391.991,03545;657.395.348,42473
39;2064;5,69;0,11554;2.327.867,0282;78.189,8478;0,00;78.189,8478;0,00;0,00;596,5562;147.745,964;325.901,3839;320.362,0014;5.539,3825;0,00;0,00;0,00;0,00;0,00;325.901,3839;320.362,0014;5.539,3825;0,00;0,00;0,00;0,00;0,00;8.744,5768;7.991,71;0,00;0,00;752,8668;42.351,344;42.351,344;0,00;0,00;0,00;0,00;1.898.442,56619;0,00;0,00;0,00;2.827.873,62279;3.693.879,9945;160.986,4661;2.793.932,8134;0,00;184.391,864;554.568,851;0,00;37.968.851,3238;17.102.413,3548;11.359.482,7631;0,00;2.273.872,578;1.255.817,8728;5.977.264,7551;0,00;0,00;0,00;41.662.731,3183;-38.834.857,69551;652.908.368,96659;5,69;35.196.091,92249;653.756.582,65171
40;2065;5,69;0,10932;1.743.112,0504;76.032,4947;0,00;76.032,4947;0,00;0,00;596,5562;138.749,4533;244.035,6871;244.035,6871;0,00;0,00;0,00;0,00;0,00;0,00;244.035,6871;244.035,6871;0,00;0,00;0,00;0,00;0,00;0,00;8.354,7525;7.637,4185;0,00;0,00;717,334;41.557,1322;41.557,1322;0,00;0,00;0,00;0,00;1.845.561,85241;0,00;0,00;0,00;2.598.923,61551;3.457.341,3622;144.633,5842;2.630.355,4815;0,00;171.375,7064;510.976,5901;0,00;36.911.237,0482;16.818.188,2261;10.817.212,3975;0,00;2.192.354,641;1.201.079,9136;5.882.401,87;0,00;0,00;0,00;40.368.578,4104;-37.769.654,79489;649.627.603,98953;5,69;35.049.656,19505;651.036.584,05187
41;2066;5,69;0,10343;1.403.511,2694;74.685,7085;0,00;74.685,7085;0,00;0,00;596,5562;133.676,585;196.491,5777;196.491,5777;0,00;0,00;0,00;0,00;0,00;0,00;196.491,5777;196.491,5777;0,00;0,00;0,00;0,00;0,00;0,00;7.942,8632;7.263,0202;0,00;0,00;679,843;40.446,3555;40.446,3555;0,00;0,00;0,00;0,00;1.782.699,97393;0,00;0,00;0,00;2.433.031,19773;3.333.622,702;112.535,1759;2.560.996,5234;0,00;158.317,2323;501.773,7704;0,00;35.653.999,4786;16.345.276,7169;10.262.650,6407;0,00;2.108.350,9279;1.146.481,1235;5.791.240,0696;0,00;0,00;0,00;38.987.622,1806;-36.554.590,98287;647.255.742,70651;5,69;34.964.025,40563;649.446.018,47463
42;2067;5,69;0,09786;1.018.450,5426;74.597,5726;0,00;74.597,5726;0,00;0,00;596,5562;131.389,0275;142.583,076;142.583,076;0,00;0,00;0,00;0,00;0,00;0,00;142.583,076;142.583,076;0,00;0,00;0,00;0,00;0,00;0,00;7.510,4347;6.869,8614;0,00;0,00;640,5733;40.372,682;40.372,682;0,00;0,00;0,00;0,00;1.726.532,86774;0,00;0,00;0,00;2.266.165,29274;3.273.646,2303;96.764,5775;2.531.015,9717;0,00;150.654,4999;495.211,1812;0,00;34.530.657,3547;15.942.964,7599;9.751.314,9117;0,00;2.019.060,2824;1.092.457,9161;5.724.859,4846;0,00;0,00;0,00;37.804.303,585;-35.538.138,29226;645.968.256,26135;5,69;34.931.358,38238;648.839.238,56475
43;2068;5,69;0,09259;793.151,2035;68.996,2401;0,00;68.996,2401;0,00;0,00;596,5562;119.431,703;111.041,1685;111.041,1685;0,00;0,00;0,00;0,00;0,00;0,00;111.041,1685;111.041,1685;0,00;0,00;0,00;0,00;0,00;0,00;7.062,5429;6.462,5048;0,00;0,00;600,0381;36.685,6919;36.685,6919;0,00;0,00;0,00;0,00;1.660.252,51293;0,00;0,00;0,00;2.115.107,58403;3.010.940,2259;70.902,7659;2.317.731,2942;0,00;138.077,2554;484.228,9104;0,00;33.205.050,2585;15.413.694,4973;9.272.811,692;0,00;1.929.073,0312;1.040.532,9371;5.548.938,1009;0,00;0,00;0,00;36.215.990,4844;-34.100.882,90037;645.681.837,81701;5,69;34.978.612,4373;649.716.968,10168
44;2069;5,69;0,08761;538.838,1431;66.660,9607;0,00;66.660,9607;0,00;0,00;596,5562;113.543,7238;75.437,34;75.437,34;0,00;0,00;0,00;0,00;0,00;0,00;75.437,34;75.437,34;0,00;0,00;0,00;0,00;0,00;0,00;6.607,241;6.048,2195;0,00;0,00;559,0215;36.685,6919;36.685,6919;0,00;0,00;0,00;0,00;1.602.190,97898;0,00;0,00;0,00;1.977.159,83258;2.880.714,3472;45.123,7161;2.225.750,7593;0,00;131.713,8328;478.126,039;0,00;32.043.819,5795;14.914.322,7288;8.822.074,3337;0,00;1.836.766,2101;989.547,2785;5.481.109,0284;0,00;0,00;0,00;34.924.533,9267;-32.947.374,09412;646.830.448,65729;5,69;35.094.189,89903;651.863.783,90659
45;2070;5,69;0,08289;387.481,774;62.221,9907;0,00;62.221,9907;0,00;0,00;596,5562;103.181,2424;54.247,4484;54.247,4484;0,00;0,00;0,00;0,00;0,00;0,00;54.247,4484;54.247,4484;0,00;0,00;0,00;0,00;0,00;0,00;6.153,4045;5.635,031;0,00;0,00;518,3735;33.561,0813;33.561,0813;0,00;0,00;0,00;0,00;1.535.938,05118;0,00;0,00;0,00;1.850.147,22308;2.634.965,4719;9.931,5511;2.053.693,2976;0,00;118.140,4347;453.200,1885;0,00;30.718.761,0236;14.357.424,123;8.424.024,4855;0,00;1.746.151,4578;941.091,6511;5.250.069,3062;0,00;0,00;0,00;33.353.726,4955;-31.503.579,27242;649.252.452,2207;5,69;35.298.495,64368;655.658.700,27785
46;2071;5,69;0,07843;149.219,4847;58.162,5771;0,00;58.162,5771;0,00;0,00;596,5562;94.317,6046;20.890,7279;20.890,7279;0,00;0,00;0,00;0,00;0,00;0,00;20.890,7279;20.890,7279;0,00;0,00;0,00;0,00;0,00;0,00;5.707,5158;5.228,8073;0,00;0,00;478,7085;29.997,1391;29.997,1391;0,00;0,00;0,00;0,00;1.473.833,309;0,00;0,00;0,00;1.704.396,1576;2.435.755,9335;0,00;1.886.352,0911;0,00;113.174,6591;436.229,1833;0,00;29.476.666,1799;13.836.544,2006;8.047.132,0351;0,00;1.652.731,104;893.006,4476;5.047.252,3926;0,00;0,00;0,00;31.912.422,1134;-30.208.025,9558;653.289.484,80214;5,69;35.588.143,36892;661.038.817,69097
47;2072;5,69;0,07421;50.192,5593;55.912,5103;0,00;55.912,5103;0,00;0,00;596,5562;89.543,2562;7.026,9583;7.026,9583;0,00;0,00;0,00;0,00;0,00;0,00;7.026,9583;7.026,9583;0,00;0,00;0,00;0,00;0,00;0,00;5.490,1824;5.028,4644;0,00;0,00;461,718;27.999,0924;27.999,0924;0,00;0,00;0,00;0,00;1.414.065,38372;0,00;0,00;0,00;1.607.660,89782;2.317.820,486;0,00;1.790.865,1234;0,00;113.174,6591;413.780,7035;0,00;28.281.307,6743;13.227.674,249;7.705.057,6387;0,00;1.559.048,8839;849.036,667;4.940.490,2357;0,00;0,00;0,00;30.599.128,1603;-28.991.467,26248;658.887.360,90542;5,69;35.963.494,23938;668.010.844,66787
48;2073;5,69;0,07021;49.814,4556;51.031,9068;0,00;51.031,9068;0,00;0,00;596,5562;81.572,3319;6.974,0238;6.974,0238;0,00;0,00;0,00;0,00;0,00;0,00;6.974,0238;6.974,0238;0,00;0,00;0,00;0,00;0,00;0,00;5.263,1718;4.819,2008;0,00;0,00;443,971;27.053,817;27.053,817;0,00;0,00;0,00;0,00;1.353.697,15352;0,00;0,00;0,00;1.533.162,98482;2.131.156,9878;0,00;1.631.446,6374;0,00;103.455,5657;396.254,7847;0,00;27.073.943,0703;12.589.126,4709;7.385.049,1992;0,00;1.468.260,6431;807.200,2022;4.824.306,5549;0,00;0,00;0,00;29.205.100,0581;-27.671.937,07328;666.067.997,96596;5,69;36.435.283,84213;676.774.191,43672
49;2074;5,69;0,06643;0,00;45.938,3612;0,00;45.938,3612;0,00;0,00;596,5562;73.034,5851;0,00;0,00;0,00;0,00;0,00;0,00;0,00;0,00;0,00;0,00;0,00;0,00;0,00;0,00;0,00;0,00;5.025,3504;4.599,9716;0,00;0,00;425,3788;24.541,2768;24.541,2768;0,00;0,00;0,00;0,00;1.291.948,85802;0,00;0,00;0,00;1.441.084,98772;1.954.454,9061;0,00;1.460.691,7016;0,00;103.455,5657;390.307,6388;0,00;25.838.977,1603;12.006.578,075;7.069.100,8227;0,00;1.376.594,7767;767.424,4334;4.619.279,0525;0,00;0,00;0,00;27.793.432,0664;-26.352.347,07868;675.023.605,02028;5,69;37.009.002,94397;687.430.847,30201
50;2075;5,69;0,06285;0,00;39.498,7722;0,00;39.498,7722;0,00;0,00;596,5562;62.743,5975;0,00;0,00;0,00;0,00;0,00;0,00;0,00;0,00;0,00;0,00;0,00;0,00;0,00;0,00;0,00;0,00;4.775,7809;4.369,9127;0,00;0,00;405,8682;20.310,4136;20.310,4136;0,00;0,00;0,00;0,00;1.226.820,70357;0,00;0,00;0,00;1.354.745,82397;1.738.309,4047;0,00;1.254.871,9495;0,00;98.684,7674;384.752,6878;0,00;24.536.414,0713;11.437.000,2518;6.718.751,6346;0,00;1.284.567,8084;726.321,2006;4.369.773,1759;0,00;0,00;0,00;26.274.723,476;-24.919.977,65203;685.864.626,70658;5,69;37.696.868,48308;700.207.738,13306
51;2076;5,69;0,05947;0,00;26.033,1325;0,00;26.033,1325;0,00;0,00;596,5562;39.441,7755;0,00;0,00;0,00;0,00;0,00;0,00;0,00;0,00;0,00;0,00;0,00;0,00;0,00;0,00;0,00;0,00;4.514,6987;4.129,2412;0,00;0,00;385,4575;12.981,9779;12.981,9779;0,00;0,00;0,00;0,00;1.156.244,16719;0,00;0,00;0,00;1.239.812,30799;1.232.108,7255;0,00;788.835,5108;0,00;64.328,4828;378.944,7319;0,00;23.124.883,3438;10.853.304,8707;6.389.955,705;0,00;1.202.133,707;690.110,4035;3.989.378,6576;0,00;0,00;0,00;24.356.992,0693;-23.117.179,76131;698.832.959,45266;5,69;38.526.452,77135;715.617.011,1431
52;2077;5,69;0,05627;0,00;21.715,8658;0,00;21.715,8658;0,00;0,00;596,5562;31.819,7184;0,00;0,00;0,00;0,00;0,00;0,00;0,00;0,00;0,00;0,00;0,00;0,00;0,00;0,00;0,00;0,00;4.245,0847;3.880,7048;0,00;0,00;364,3799;12.125,3114;12.125,3114;0,00;0,00;0,00;0,00;1.099.045,31522;0,00;0,00;0,00;1.169.547,85172;1.058.901,3216;0,00;636.394,3683;0,00;54.937,8218;367.569,1315;0,00;21.980.906,3044;10.305.742,4915;6.098.014,9774;0,00;1.115.497,2359;655.562,02;3.806.089,5796;0,00;0,00;0,00;23.039.807,626;-21.870.259,77428;714.386.371,6256;5,69;39.474.190,15289;733.220.941,52171
53;2078;5,69;0,05324;0,00;18.628,5749;0,00;18.628,5749;0,00;0,00;294,7329;26.812,7826;0,00;0,00;0,00;0,00;0,00;0,00;0,00;0,00;0,00;0,00;0,00;0,00;0,00;0,00;0,00;0,00;3.972,6698;3.629,5865;0,00;0,00;343,0833;10.158,3533;10.158,3533;0,00;0,00;0,00;0,00;1.042.953,22343;0,00;0,00;0,00;1.102.820,33693;919.874,1585;0,00;536.255,6516;0,00;50.275,9604;333.342,5465;0,00;20.859.064,4685;9.799.082,0363;5.797.066,9707;0,00;1.035.870,5968;622.464,1536;3.604.580,7111;0,00;0,00;0,00;21.778.938,627;-20.676.118,29007;732.120.144,98395;5,69;40.543.800,44188;753.088.623,67352
54;2079;5,69;0,05037;0,00;8.321,2905;0,00;8.321,2905;0,00;0,00;294,7329;11.496,1748;0,00;0,00;0,00;0,00;0,00;0,00;0,00;0,00;0,00;0,00;0,00;0,00;0,00;0,00;0,00;0,00;3.705,0903;3.382,9256;0,00;0,00;322,1647;6.615,5908;6.615,5908;0,00;0,00;0,00;0,00;984.855,29839;0,00;0,00;0,00;1.015.288,17769;602.531,8426;0,00;229.923,4966;0,00;50.275,9604;322.332,3856;0,00;19.697.105,9678;9.303.546,1518;5.472.718,9988;0,00;953.666,6881;591.217,6831;3.375.956,446;0,00;0,00;0,00;20.299.637,8104;-19.284.349,63271;752.117.270,98252;5,69;41.753.463,19292;775.557.737,23373
55;2080;5,69;0,04766;0,00;4.640,4808;0,00;4.640,4808;0,00;0,00;294,7329;6.326,9339;0,00;0,00;0,00;0,00;0,00;0,00;0,00;0,00;0,00;0,00;0,00;0,00;0,00;0,00;0,00;0,00;3.450,047;3.147,8208;0,00;0,00;302,2262;3.058,3271;3.058,3271;0,00;0,00;0,00;0,00;925.917,67056;0,00;0,00;0,00;943.688,19226;492.390,9583;0,00;126.538,6789;0,00;50.275,9604;315.576,319;0,00;18.518.353,4111;8.804.648,6859;5.160.502,7188;0,00;874.977,1812;560.701,1858;3.117.523,6394;0,00;0,00;0,00;19.010.744,3694;-18.067.056,17714;774.696.661,33633;5,69;43.101.219,75212;800.591.900,80871
56;2081;5,69;0,04509;0,00;0,00;0,00;0,00;0,00;0,00;294,7329;0,00;0,00;0,00;0,00;0,00;0,00;0,00;0,00;0,00;0,00;0,00;0,00;0,00;0,00;0,00;0,00;0,00;3.054,5885;2.929,1652;0,00;0,00;125,4233;0,00;0,00;0,00;0,00;0,00;0,00;868.381,91656;0,00;0,00;0,00;871.731,23796;358.695,7546;0,00;0,00;0,00;50.275,9604;308.419,7942;0,00;17.367.638,3311;8.324.192,7889;4.880.822,0195;0,00;784.868,0444;531.660,6595;2.846.094,8188;0,00;0,00;0,00;17.726.334,0857;-16.854.602,84774;799.831.926,76631;5,69;44.594.652,25398;828.331.950,21495
57;2082;5,69;0,04266;0,00;0,00;0,00;0,00;0,00;0,00;0,00;0,00;0,00;0,00;0,00;0,00;0,00;0,00;0,00;0,00;0,00;0,00;0,00;0,00;0,00;0,00;0,00;0,00;3.054,5885;2.929,1652;0,00;0,00;125,4233;0,00;0,00;0,00;0,00;0,00;0,00;812.813,43348;0,00;0,00;0,00;815.868,02198;319.075,5359;0,00;0,00;0,00;45.723,6142;273.351,9217;0,00;16.256.268,6695;7.761.091,3541;4.624.906,8341;0,00;713.871,6183;498.920,0833;2.657.478,7797;0,00;0,00;0,00;16.575.344,2054;-15.759.476,18342;827.659.650,96097;5,69;46.235.373,77239;858.807.847,80392
58;2083;5,69;0,04036;0,00;0,00;0,00;0,00;0,00;0,00;0,00;0,00;0,00;0,00;0,00;0,00;0,00;0,00;0,00;0,00;0,00;0,00;0,00;0,00;0,00;0,00;0,00;0,00;3.054,5885;2.929,1652;0,00;0,00;125,4233;0,00;0,00;0,00;0,00;0,00;0,00;758.225,67978;0,00;0,00;0,00;761.280,26828;302.135,6202;0,00;0,00;0,00;45.723,6142;256.412,006;0,00;15.164.513,5955;7.254.238,9443;4.332.421,2344;0,00;645.071,4124;467.727,2072;2.465.054,7972;0,00;0,00;0,00;15.466.649,2157;-14.705.368,94742;858.214.339,1132;5,69;48.029.431,04693;892.131.909,90343
59;2084;5,69;0,03819;0,00;0,00;0,00;0,00;0,00;0,00;0,00;0,00;0,00;0,00;0,00;0,00;0,00;0,00;0,00;0,00;0,00;0,00;0,00;0,00;0,00;0,00;0,00;0,00;3.054,5885;2.929,1652;0,00;0,00;125,4233;0,00;0,00;0,00;0,00;0,00;0,00;700.720,46612;0,00;0,00;0,00;703.775,05462;274.812,2819;0,00;0,00;0,00;45.723,6142;229.088,6677;0,00;14.014.409,3224;6.834.196,944;3.918.654,8908;0,00;578.644,3143;443.032,757;2.239.880,4163;0,00;0,00;0,00;14.289.221,6043;-13.585.446,54968;891.613.081,6997;5,69;49.989.293,76483;928.535.757,11858
60;2085;5,69;0,03613;0,00;0,00;0,00;0,00;0,00;0,00;0,00;0,00;0,00;0,00;0,00;0,00;0,00;0,00;0,00;0,00;0,00;0,00;0,00;0,00;0,00;0,00;0,00;0,00;3.054,5885;2.929,1652;0,00;0,00;125,4233;0,00;0,00;0,00;0,00;0,00;0,00;642.846,21329;0,00;0,00;0,00;645.900,80179;259.483,6985;0,00;0,00;0,00;45.723,6142;213.760,0843;0,00;12.856.924,2658;6.380.433,0541;3.495.705,3463;0,00;513.956,3542;411.770,0318;2.055.059,4794;0,00;0,00;0,00;13.116.407,9643;-12.470.507,16251;928.085.197,6948;5,69;52.124.112,7225;968.189.362,67857
61;2086;5,69;0,03418;0,00;0,00;0,00;0,00;0,00;0,00;0,00;0,00;0,00;0,00;0,00;0,00;0,00;0,00;0,00;0,00;0,00;0,00;0,00;0,00;0,00;0,00;0,00;0,00;3.054,5885;2.929,1652;0,00;0,00;125,4233;0,00;0,00;0,00;0,00;0,00;0,00;596.123,41708;0,00;0,00;0,00;599.178,00558;247.247,2844;0,00;0,00;0,00;41.250,1161;205.997,1683;0,00;11.922.468,3415;5.983.067,8995;3.203.152,5803;0,00;458.462,6228;385.172,3095;1.892.612,9294;0,00;0,00;0,00;12.169.715,6259;-11.570.537,62032;967.793.881,70271;5,69;54.431.611,14581;1.011.050.436,20406
62;2087;5,69;0,03234;0,00;0,00;0,00;0,00;0,00;0,00;0,00;0,00;0,00;0,00;0,00;0,00;0,00;0,00;0,00;0,00;0,00;0,00;0,00;0,00;0,00;0,00;0,00;0,00;3.054,5885;2.929,1652;0,00;0,00;125,4233;0,00;0,00;0,00;0,00;0,00;0,00;543.220,18977;0,00;0,00;0,00;546.274,77827;223.232,5035;0,00;0,00;0,00;23.798,114;199.434,3895;0,00;10.864.403,7953;5.576.887,2023;2.846.515,294;0,00;402.392,426;360.849,5799;1.677.759,2931;0,00;0,00;0,00;11.087.636,2988;-10.541.361,52053;1.010.709.528,57249;5,69;56.928.966,34949;1.057.438.041,03302
63;2088;5,69;0,0306;0,00;0,00;0,00;0,00;0,00;0,00;0,00;0,00;0,00;0,00;0,00;0,00;0,00;0,00;0,00;0,00;0,00;0,00;0,00;0,00;0,00;0,00;0,00;0,00;3.054,5885;2.929,1652;0,00;0,00;125,4233;0,00;0,00;0,00;0,00;0,00;0,00;491.814,89874;0,00;0,00;0,00;494.869,48724;193.215,7677;0,00;0,00;0,00;0,00;193.215,7677;0,00;9.836.297,9748;5.166.599,6281;2.520.059,7225;0,00;360.550,4903;328.633,7372;1.460.454,3967;0,00;0,00;0,00;10.029.513,7425;-9.534.644,25526;1.057.146.280,91881;5,69;59.625.703,27665;1.107.529.100,05441
64;2089;5,69;0,02895;0,00;0,00;0,00;0,00;0,00;0,00;0,00;0,00;0,00;0,00;0,00;0,00;0,00;0,00;0,00;0,00;0,00;0,00;0,00;0,00;0,00;0,00;0,00;0,00;1.604,3488;1.478,9255;0,00;0,00;125,4233;0,00;0,00;0,00;0,00;0,00;0,00;445.324,85718;0,00;0,00;0,00;446.929,20598;186.673,6811;0,00;0,00;0,00;0,00;186.673,6811;0,00;8.906.497,1435;4.717.821,2726;2.209.642,8682;0,00;316.707,2322;295.729,3549;1.366.596,4156;0,00;0,00;0,00;9.093.170,8246;-8.646.241,61862;1.107.278.791,35955;5,69;62.526.434,645;1.161.409.293,08079
65;2090;5,69;0,02739;0,00;0,00;0,00;0,00;0,00;0,00;0,00;0,00;0,00;0,00;0,00;0,00;0,00;0,00;0,00;0,00;0,00;0,00;0,00;0,00;0,00;0,00;0,00;0,00;1.604,3488;1.478,9255;0,00;0,00;125,4233;0,00;0,00;0,00;0,00;0,00;0,00;407.618,82282;0,00;0,00;0,00;409.223,17162;174.849,4497;0,00;0,00;0,00;0,00;174.849,4497;0,00;8.152.376,4564;4.373.819,4036;2.002.321,2707;0,00;279.125,6981;277.981,1731;1.219.128,9109;0,00;0,00;0,00;8.327.225,9061;-7.918.002,73448;1.161.192.418,98589;5,69;65.633.654,42071;1.219.124.944,76702
66;2091;5,69;0,02592;0,00;0,00;0,00;0,00;0,00;0,00;0,00;0,00;0,00;0,00;0,00;0,00;0,00;0,00;0,00;0,00;0,00;0,00;0,00;0,00;0,00;0,00;0,00;0,00;1.478,9255;1.478,9255;0,00;0,00;0,00;0,00;0,00;0,00;0,00;0,00;0,00;371.039,88077;0,00;0,00;0,00;372.518,80627;163.224,2862;0,00;0,00;0,00;0,00;163.224,2862;0,00;7.420.797,6153;3.999.369,1812;1.807.251,5756;0,00;240.553,6875;254.656,3362;1.118.966,8348;0,00;0,00;0,00;7.584.021,9015;-7.211.503,09523;1.218.938.022,60679;5,69;68.957.874,83112;1.280.871.316,50291
67;2092;5,69;0,02452;0,00;0,00;0,00;0,00;0,00;0,00;0,00;0,00;0,00;0,00;0,00;0,00;0,00;0,00;0,00;0,00;0,00;0,00;0,00;0,00;0,00;0,00;0,00;0,00;1.478,9255;1.478,9255;0,00;0,00;0,00;0,00;0,00;0,00;0,00;0,00;0,00;336.027,95172;0,00;0,00;0,00;337.506,87722;151.196,9046;0,00;0,00;0,00;0,00;151.196,9046;0,00;6.720.559,0344;3.634.949,4606;1.623.178,2973;0,00;212.635,8649;237.313,89;1.012.481,5216;0,00;0,00;0,00;6.871.755,939;-6.534.249,06178;1.280.711.096,71591;5,69;72.509.779,1374;1.346.846.846,57853
68;2093;5,69;0,0232;0,00;0,00;0,00;0,00;0,00;0,00;0,00;0,00;0,00;0,00;0,00;0,00;0,00;0,00;0,00;0,00;0,00;0,00;0,00;0,00;0,00;0,00;0,00;0,00;1.478,9255;1.478,9255;0,00;0,00;0,00;0,00;0,00;0,00;0,00;0,00;0,00;303.867,11477;0,00;0,00;0,00;305.346,04027;143.438,6926;0,00;0,00;0,00;0,00;143.438,6926;0,00;6.077.342,2953;3.273.483,9628;1.511.259,7651;0,00;180.709,3222;215.051,1054;896.838,1398;0,00;0,00;0,00;6.220.780,9879;-5.915.434,94763;1.346.709.608,48775;5,69;76.298.997,3218;1.417.230.408,9527
69;2094;5,69;0,02195;0,00;0,00;0,00;0,00;0,00;0,00;0,00;0,00;0,00;0,00;0,00;0,00;0,00;0,00;0,00;0,00;0,00;0,00;0,00;0,00;0,00;0,00;0,00;0,00;1.478,9255;1.478,9255;0,00;0,00;0,00;0,00;0,00;0,00;0,00;0,00;0,00;272.767,95304;0,00;0,00;0,00;274.246,87854;133.207,2772;0,00;0,00;0,00;0,00;133.207,2772;0,00;5.455.359,0607;3.027.197,1076;1.317.019,3906;0,00;152.452,902;190.782,7129;767.906,9476;0,00;0,00;0,00;5.588.566,3379;-5.314.319,45936;1.417.113.759,64057;5,69;80.338.025,49217;1.492.254.114,98551
70;2095;5,69;0,02077;0,00;0,00;0,00;0,00;0,00;0,00;0,00;0,00;0,00;0,00;0,00;0,00;0,00;0,00;0,00;0,00;0,00;0,00;0,00;0,00;0,00;0,00;0,00;0,00;1.478,9255;1.478,9255;0,00;0,00;0,00;0,00;0,00;0,00;0,00;0,00;0,00;242.622,49391;0,00;0,00;0,00;244.101,41941;125.909,1302;0,00;0,00;0,00;0,00;125.909,1302;0,00;4.852.449,8781;2.688.259,7796;1.197.150,4581;0,00;124.939,0314;164.289,0547;677.811,5543;0,00;0,00;0,00;4.978.359,0083;-4.734.257,58889;1.492.155.784,45539;5,69;84.639.879,88587;1.572.159.737,28249
71;2096;5,69;0,01965;0,00;0,00;0,00;0,00;0,00;0,00;0,00;0,00;0,00;0,00;0,00;0,00;0,00;0,00;0,00;0,00;0,00;0,00;0,00;0,00;0,00;0,00;0,00;0,00;1.478,9255;1.478,9255;0,00;0,00;0,00;0,00;0,00;0,00;0,00;0,00;0,00;218.627,78838;0,00;0,00;0,00;220.106,71388;119.334,6629;0,00;0,00;0,00;0,00;119.334,6629;0,00;4.372.555,7676;2.458.784,7189;1.085.003,7436;0,00;100.127,5886;145.489,1165;583.150,60;0,00;0,00;0,00;4.491.890,4305;-4.271.783,71662;1.572.075.796,73246;5,69;89.212.824,5579;1.657.100.778,12377
72;2097;5,69;0,01859;0,00;0,00;0,00;0,00;0,00;0,00;0,00;0,00;0,00;0,00;0,00;0,00;0,00;0,00;0,00;0,00;0,00;0,00;0,00;0,00;0,00;0,00;0,00;0,00;1.478,9255;1.478,9255;0,00;0,00;0,00;0,00;0,00;0,00;0,00;0,00;0,00;190.288,66774;0,00;0,00;0,00;191.767,59324;113.380,758;0,00;0,00;0,00;0,00;113.380,758;0,00;3.805.773,3548;2.216.684,454;906.034,7784;0,00;77.542,7453;126.686,8784;478.824,4987;0,00;0,00;0,00;3.919.154,1128;-3.727.386,51956;1.657.031.486,00837;5,69;94.076.945,98228;1.747.450.337,58649
73;2098;5,69;0,01759;0,00;0,00;0,00;0,00;0,00;0,00;0,00;0,00;0,00;0,00;0,00;0,00;0,00;0,00;0,00;0,00;0,00;0,00;0,00;0,00;0,00;0,00;0,00;0,00;1.478,9255;1.478,9255;0,00;0,00;0,00;0,00;0,00;0,00;0,00;0,00;0,00;168.046,70308;0,00;0,00;0,00;169.525,62858;108.773,076;0,00;0,00;0,00;0,00;108.773,076;0,00;3.360.934,0615;1.996.489,8299;803.658,9647;0,00;56.955,9492;104.163,547;399.665,7707;0,00;0,00;0,00;3.469.707,1375;-3.300.181,50892;1.747.392.287,39375;5,69;99.242.143,88081;1.843.392.299,95838
74;2099;5,69;0,01664;0,00;0,00;0,00;0,00;0,00;0,00;0,00;0,00;0,00;0,00;0,00;0,00;0,00;0,00;0,00;0,00;0,00;0,00;0,00;0,00;0,00;0,00;0,00;0,00;0,00;0,00;0,00;0,00;0,00;0,00;0,00;0,00;0,00;0,00;0,00;145.768,45449;0,00;0,00;0,00;145.768,45449;104.048,9571;0,00;0,00;0,00;0,00;104.048,9571;0,00;2.915.369,0898;1.758.967,59;676.415,2063;0,00;52.599,5386;87.981,2301;339.405,5248;0,00;0,00;0,00;3.019.418,0469;-2.873.649,59241;1.843.344.482,42916;5,69;104.725.511,20582;1.945.244.161,57179
75;2100;5,69;0,01574;0,00;0,00;0,00;0,00;0,00;0,00;0,00;0,00;0,00;0,00;0,00;0,00;0,00;0,00;0,00;0,00;0,00;0,00;0,00;0,00;0,00;0,00;0,00;0,00;0,00;0,00;0,00;0,00;0,00;0,00;0,00;0,00;0,00;0,00;0,00;126.607,03239;0,00;0,00;0,00;126.607,03239;99.800,9316;0,00;0,00;0,00;0,00;99.800,9316;0,00;2.532.140,6478;1.589.809,5719;570.281,0476;0,00;42.557,573;75.082,9137;254.409,5416;0,00;0,00;0,00;2.631.941,5794;-2.505.334,54701;1.945.204.727,60602;5,69;110.541.839,25771;2.053.280.666,28249
76;2101;5,69;0,01489;0,00;0,00;0,00;0,00;0,00;0,00;0,00;0,00;0,00;0,00;0,00;0,00;0,00;0,00;0,00;0,00;0,00;0,00;0,00;0,00;0,00;0,00;0,00;0,00;0,00;0,00;0,00;0,00;0,00;0,00;0,00;0,00;0,00;0,00;0,00;104.570,54245;0,00;0,00;0,00;104.570,54245;95.442,1431;0,00;0,00;0,00;0,00;95.442,1431;0,00;2.091.410,8489;1.414.013,8161;401.572,2579;0,00;29.859,9457;57.126,8794;188.837,9498;0,00;0,00;0,00;2.186.852,992;-2.082.282,44955;2.053.249.661,09682;5,69;116.713.188,04009;2.167.911.571,87303
77;2102;5,69;0,01409;0,00;0,00;0,00;0,00;0,00;0,00;0,00;0,00;0,00;0,00;0,00;0,00;0,00;0,00;0,00;0,00;0,00;0,00;0,00;0,00;0,00;0,00;0,00;0,00;0,00;0,00;0,00;0,00;0,00;0,00;0,00;0,00;0,00;0,00;0,00;86.874,04857;0,00;0,00;0,00;86.874,04857;91.337,7959;0,00;0,00;0,00;0,00;91.337,7959;0,00;1.737.480,9713;1.212.732,4434;321.600,391;0,00;19.499,0242;43.690,5107;139.958,602;0,00;0,00;0,00;1.828.818,7672;-1.741.944,71863;2.167.887.027,87194;5,69;123.255.051,78509;2.289.424.678,93949
78;2103;5,69;0,01333;0,00;0,00;0,00;0,00;0,00;0,00;0,00;0,00;0,00;0,00;0,00;0,00;0,00;0,00;0,00;0,00;0,00;0,00;0,00;0,00;0,00;0,00;0,00;0,00;0,00;0,00;0,00;0,00;0,00;0,00;0,00;0,00;0,00;0,00;0,00;69.867,47115;0,00;0,00;0,00;69.867,47115;82.935,1958;0,00;0,00;0,00;0,00;82.935,1958;0,00;1.397.349,4229;1.023.851,1225;225.912,5372;0,00;11.980,3317;32.847,3571;102.758,0744;0,00;0,00;0,00;1.480.284,6187;-1.410.417,14755;2.289.405.878,07891;5,69;130.188.011,49596;2.418.202.273,2879
79;2104;5,69;0,01261;0,00;0,00;0,00;0,00;0,00;0,00;0,00;0,00;0,00;0,00;0,00;0,00;0,00;0,00;0,00;0,00;0,00;0,00;0,00;0,00;0,00;0,00;0,00;0,00;0,00;0,00;0,00;0,00;0,00;0,00;0,00;0,00;0,00;0,00;0,00;55.754,05621;0,00;0,00;0,00;55.754,05621;69.363,4038;0,00;0,00;0,00;0,00;69.363,4038;0,00;1.115.081,1241;819.966,1888;181.311,225;0,00;7.710,4423;24.886,0105;81.207,2575;0,00;0,00;0,00;1.184.444,5279;-1.128.690,47169;2.418.188.040,50105;5,69;137.531.486,86224;2.554.605.069,67845
80;2105;5,69;0,01193;0,00;0,00;0,00;0,00;0,00;0,00;0,00;0,00;0,00;0,00;0,00;0,00;0,00;0,00;0,00;0,00;0,00;0,00;0,00;0,00;0,00;0,00;0,00;0,00;0,00;0,00;0,00;0,00;0,00;0,00;0,00;0,00;0,00;0,00;0,00;41.810,16074;0,00;0,00;0,00;41.810,16074;61.311,4385;0,00;0,00;0,00;0,00;61.311,4385;0,00;836.203,2148;640.282,3688;130.615,7062;0,00;987,0344;19.163,7995;45.154,3059;0,00;0,00;0,00;897.514,6533;-855.704,49256;2.554.594.861,12385;5,69;145.308.338,87908;2.699.057.704,06497
81;2106;5,69;0,01129;0,00;0,00;0,00;0,00;0,00;0,00;0,00;0,00;0,00;0,00;0,00;0,00;0,00;0,00;0,00;0,00;0,00;0,00;0,00;0,00;0,00;0,00;0,00;0,00;0,00;0,00;0,00;0,00;0,00;0,00;0,00;0,00;0,00;0,00;0,00;30.736,72687;0,00;0,00;0,00;30.736,72687;59.215,7086;0,00;0,00;0,00;0,00;59.215,7086;0,00;614.734,5373;472.524,4216;89.458,1176;0,00;414,1008;10.876,5642;41.461,3331;0,00;0,00;0,00;673.950,2459;-643.213,51903;2.699.050.442,18434;5,69;153.539.784,51206;2.851.954.275,058
82;2107;5,69;0,01068;0,00;0,00;0,00;0,00;0,00;0,00;0,00;0,00;0,00;0,00;0,00;0,00;0,00;0,00;0,00;0,00;0,00;0,00;0,00;0,00;0,00;0,00;0,00;0,00;0,00;0,00;0,00;0,00;0,00;0,00;0,00;0,00;0,00;0,00;0,00;27.236,74728;0,00;0,00;0,00;27.236,74728;58.390,3672;0,00;0,00;0,00;0,00;58.390,3672;0,00;544.734,9455;448.639,1874;62.395,2862;0,00;0,00;9.844,7364;23.855,7355;0,00;0,00;0,00;603.125,3127;-575.888,56542;2.851.948.124,56812;5,69;162.243.430,19143;3.013.621.816,68401
83;2108;5,69;0,01011;0,00;0,00;0,00;0,00;0,00;0,00;0,00;0,00;0,00;0,00;0,00;0,00;0,00;0,00;0,00;0,00;0,00;0,00;0,00;0,00;0,00;0,00;0,00;0,00;0,00;0,00;0,00;0,00;0,00;0,00;0,00;0,00;0,00;0,00;0,00;20.765,58128;0,00;0,00;0,00;20.765,58128;57.579,9898;0,00;0,00;0,00;0,00;57.579,9898;0,00;415.311,6255;368.817,1246;29.189,1858;0,00;0,00;6.666,7233;10.638,5918;0,00;0,00;0,00;472.891,6153;-452.126,03402;3.013.617.245,68981;5,69;171.449.355,39798;3.184.619.046,04797
84;2109;5,69;0,00957;0,00;0,00;0,00;0,00;0,00;0,00;0,00;0,00;0,00;0,00;0,00;0,00;0,00;0,00;0,00;0,00;0,00;0,00;0,00;0,00;0,00;0,00;0,00;0,00;0,00;0,00;0,00;0,00;0,00;0,00;0,00;0,00;0,00;0,00;0,00;14.071,06832;0,00;0,00;0,00;14.071,06832;56.804,4631;0,00;0,00;0,00;0,00;56.804,4631;0,00;281.421,3664;272.939,0149;0,00;0,00;0,00;3.044,854;5.437,4975;0,00;0,00;0,00;338.225,8295;-324.154,76118;3.184.615.943,88691;5,69;181.186.379,31422;3.365.481.270,60101
85;2110;5,69;0,00905;0,00;0,00;0,00;0,00;0,00;0,00;0,00;0,00;0,00;0,00;0,00;0,00;0,00;0,00;0,00;0,00;0,00;0,00;0,00;0,00;0,00;0,00;0,00;0,00;0,00;0,00;0,00;0,00;0,00;0,00;0,00;0,00;0,00;0,00;0,00;9.061,2506;0,00;0,00;0,00;9.061,2506;56.412,7282;0,00;0,00;0,00;0,00;56.412,7282;0,00;181.225,012;179.898,9106;0,00;0,00;0,00;1.326,1014;0,00;0,00;0,00;0,00;237.637,7402;-228.576,4896;3.365.479.201,98378;5,69;191.482.878,29494;3.556.735.572,40635
86;2111;5,69;0,00856;0,00;0,00;0,00;0,00;0,00;0,00;0,00;0,00;0,00;0,00;0,00;0,00;0,00;0,00;0,00;0,00;0,00;0,00;0,00;0,00;0,00;0,00;0,00;0,00;0,00;0,00;0,00;0,00;0,00;0,00;0,00;0,00;0,00;0,00;0,00;5.674,27813;0,00;0,00;0,00;5.674,27813;56.048,4012;0,00;0,00;0,00;0,00;56.048,4012;0,00;113.485,5625;113.485,5625;0,00;0,00;0,00;0,00;0,00;0,00;0,00;0,00;169.533,9637;-163.859,68557;3.556.734.169,76744;5,69;202.368.930,45381;3.758.940.643,17459
87;2112;5,69;0,0081;0,00;0,00;0,00;0,00;0,00;0,00;0,00;0,00;0,00;0,00;0,00;0,00;0,00;0,00;0,00;0,00;0,00;0,00;0,00;0,00;0,00;0,00;0,00;0,00;0,00;0,00;0,00;0,00;0,00;0,00;0,00;0,00;0,00;0,00;0,00;3.620,25627;0,00;0,00;0,00;3.620,25627;51.521,1265;0,00;0,00;0,00;0,00;51.521,1265;0,00;72.405,1253;72.405,1253;0,00;0,00;0,00;0,00;0,00;0,00;0,00;0,00;123.926,2518;-120.305,99553;3.758.939.668,69603;5,69;213.876.877,18549;3.972.697.214,36455
88;2113;5,69;0,00766;0,00;0,00;0,00;0,00;0,00;0,00;0,00;0,00;0,00;0,00;0,00;0,00;0,00;0,00;0,00;0,00;0,00;0,00;0,00;0,00;0,00;0,00;0,00;0,00;0,00;0,00;0,00;0,00;0,00;0,00;0,00;0,00;0,00;0,00;0,00;557,67518;0,00;0,00;0,00;557,67518;46.263,0819;0,00;0,00;0,00;0,00;46.263,0819;0,00;11.153,5036;11.153,5036;0,00;0,00;0,00;0,00;0,00;0,00;0,00;0,00;57.416,5855;-56.858,91032;3.972.696.778,8253;5,69;226.043.236,22535;4.198.683.591,67958
89;2114;5,69;0,00725;0,00;0,00;0,00;0,00;0,00;0,00;0,00;0,00;0,00;0,00;0,00;0,00;0,00;0,00;0,00;0,00;0,00;0,00;0,00;0,00;0,00;0,00;0,00;0,00;0,00;0,00;0,00;0,00;0,00;0,00;0,00;0,00;0,00;0,00;0,00;277,17357;0,00;0,00;0,00;277,17357;41.748,2106;0,00;0,00;0,00;0,00;41.748,2106;0,00;5.543,4714;5.543,4714;0,00;0,00;0,00;0,00;0,00;0,00;0,00;0,00;47.291,682;-47.014,50843;4.198.683.250,82439;5,69;238.902.421,24104;4.437.538.998,41219
90;2115;5,69;0,00686;0,00;0,00;0,00;0,00;0,00;0,00;0,00;0,00;0,00;0,00;0,00;0,00;0,00;0,00;0,00;0,00;0,00;0,00;0,00;0,00;0,00;0,00;0,00;0,00;0,00;0,00;0,00;0,00;0,00;0,00;0,00;0,00;0,00;0,00;0,00;0,00;0,00;0,00;0,00;0,00;31.720,1897;0,00;0,00;0,00;0,00;31.720,1897;0,00;0,00;0,00;0,00;0,00;0,00;0,00;0,00;0,00;0,00;0,00;31.720,1897;-31.720,1897;4.437.538.780,81169;5,69;252.494.164,13086;4.690.001.442,35335
91;2116;5,69;0,00649;0,00;0,00;0,00;0,00;0,00;0,00;0,00;0,00;0,00;0,00;0,00;0,00;0,00;0,00;0,00;0,00;0,00;0,00;0,00;0,00;0,00;0,00;0,00;0,00;0,00;0,00;0,00;0,00;0,00;0,00;0,00;0,00;0,00;0,00;0,00;0,00;0,00;0,00;0,00;0,00;31.720,1897;0,00;0,00;0,00;0,00;31.720,1897;0,00;0,00;0,00;0,00;0,00;0,00;0,00;0,00;0,00;0,00;0,00;31.720,1897;-31.720,1897;4.690.001.236,48932;5,69;266.859.277,19111;4.956.828.999,35476
92;2117;5,69;0,00614;0,00;0,00;0,00;0,00;0,00;0,00;0,00;0,00;0,00;0,00;0,00;0,00;0,00;0,00;0,00;0,00;0,00;0,00;0,00;0,00;0,00;0,00;0,00;0,00;0,00;0,00;0,00;0,00;0,00;0,00;0,00;0,00;0,00;0,00;0,00;0,00;0,00;0,00;0,00;0,00;27.509,2924;0,00;0,00;0,00;0,00;27.509,2924;0,00;0,00;0,00;0,00;0,00;0,00;0,00;0,00;0,00;0,00;0,00;27.509,2924;-27.509,2924;4.956.828.830,44771;5,69;282.042.004,78455;5.238.843.494,84691
93;2118;5,69;0,00581;0,00;0,00;0,00;0,00;0,00;0,00;0,00;0,00;0,00;0,00;0,00;0,00;0,00;0,00;0,00;0,00;0,00;0,00;0,00;0,00;0,00;0,00;0,00;0,00;0,00;0,00;0,00;0,00;0,00;0,00;0,00;0,00;0,00;0,00;0,00;0,00;0,00;0,00;0,00;0,00;27.509,2924;0,00;0,00;0,00;0,00;27.509,2924;0,00;0,00;0,00;0,00;0,00;0,00;0,00;0,00;0,00;0,00;0,00;27.509,2924;-27.509,2924;5.238.843.335,01792;5,69;298.088.629,57805;5.536.904.615,13256
94;2119;5,69;0,0055;0,00;0,00;0,00;0,00;0,00;0,00;0,00;0,00;0,00;0,00;0,00;0,00;0,00;0,00;0,00;0,00;0,00;0,00;0,00;0,00;0,00;0,00;0,00;0,00;0,00;0,00;0,00;0,00;0,00;0,00;0,00;0,00;0,00;0,00;0,00;0,00;0,00;0,00;0,00;0,00;25.253,2305;0,00;0,00;0,00;0,00;25.253,2305;0,00;0,00;0,00;0,00;0,00;0,00;0,00;0,00;0,00;0,00;0,00;25.253,2305;-25.253,2305;5.536.904.476,23979;5,69;315.048.435,69223;5.851.927.797,59429
95;2120;5,69;0,0052;0,00;0,00;0,00;0,00;0,00;0,00;0,00;0,00;0,00;0,00;0,00;0,00;0,00;0,00;0,00;0,00;0,00;0,00;0,00;0,00;0,00;0,00;0,00;0,00;0,00;0,00;0,00;0,00;0,00;0,00;0,00;0,00;0,00;0,00;0,00;0,00;0,00;0,00;0,00;0,00;23.851,8463;0,00;0,00;0,00;0,00;23.851,8463;0,00;0,00;0,00;0,00;0,00;0,00;0,00;0,00;0,00;0,00;0,00;23.851,8463;-23.851,8463;5.851.927.673,56469;5,69;332.973.334,51306;6.184.877.280,26105
96;2121;5,69;0,00492;0,00;0,00;0,00;0,00;0,00;0,00;0,00;0,00;0,00;0,00;0,00;0,00;0,00;0,00;0,00;0,00;0,00;0,00;0,00;0,00;0,00;0,00;0,00;0,00;0,00;0,00;0,00;0,00;0,00;0,00;0,00;0,00;0,00;0,00;0,00;0,00;0,00;0,00;0,00;0,00;23.851,8463;0,00;0,00;0,00;0,00;23.851,8463;0,00;0,00;0,00;0,00;0,00;0,00;0,00;0,00;0,00;0,00;0,00;23.851,8463;-23.851,8463;6.184.877.162,90997;5,69;351.918.160,0768;6.536.771.588,49155
97;2122;5,69;0,00466;0,00;0,00;0,00;0,00;0,00;0,00;0,00;0,00;0,00;0,00;0,00;0,00;0,00;0,00;0,00;0,00;0,00;0,00;0,00;0,00;0,00;0,00;0,00;0,00;0,00;0,00;0,00;0,00;0,00;0,00;0,00;0,00;0,00;0,00;0,00;0,00;0,00;0,00;0,00;0,00;23.851,8463;0,00;0,00;0,00;0,00;23.851,8463;0,00;0,00;0,00;0,00;0,00;0,00;0,00;0,00;0,00;0,00;0,00;23.851,8463;-23.851,8463;6.536.771.477,34195;5,69;371.940.946,21512;6.908.688.682,86037
98;2123;5,69;0,00441;0,00;0,00;0,00;0,00;0,00;0,00;0,00;0,00;0,00;0,00;0,00;0,00;0,00;0,00;0,00;0,00;0,00;0,00;0,00;0,00;0,00;0,00;0,00;0,00;0,00;0,00;0,00;0,00;0,00;0,00;0,00;0,00;0,00;0,00;0,00;0,00;0,00;0,00;0,00;0,00;13.560,7591;0,00;0,00;0,00;0,00;13.560,7591;0,00;0,00;0,00;0,00;0,00;0,00;0,00;0,00;0,00;0,00;0,00;13.560,7591;-13.560,7591;6.908.688.623,05742;5,69;393.103.614,44756;7.301.778.736,54883
99;2124;5,69;0,00417;0,00;0,00;0,00;0,00;0,00;0,00;0,00;0,00;0,00;0,00;0,00;0,00;0,00;0,00;0,00;0,00;0,00;0,00;0,00;0,00;0,00;0,00;0,00;0,00;0,00;0,00;0,00;0,00;0,00;0,00;0,00;0,00;0,00;0,00;0,00;0,00;0,00;0,00;0,00;0,00;4.929,8322;0,00;0,00;0,00;0,00;4.929,8322;0,00;0,00;0,00;0,00;0,00;0,00;0,00;0,00;0,00;0,00;0,00;4.929,8322;-4.929,8322;7.301.778.715,99143;5,69;415.470.929,60218;7.717.244.736,31881
100;2125;5,69;0,00395;0,00;0,00;0,00;0,00;0,00;0,00;0,00;0,00;0,00;0,00;0,00;0,00;0,00;0,00;0,00;0,00;0,00;0,00;0,00;0,00;0,00;0,00;0,00;0,00;0,00;0,00;0,00;0,00;0,00;0,00;0,00;0,00;0,00;0,00;0,00;0,00;0,00;0,00;0,00;0,00;4.929,8322;0,00;0,00;0,00;0,00;4.929,8322;0,00;0,00;0,00;0,00;0,00;0,00;0,00;0,00;0,00;0,00;0,00;4.929,8322;-4.929,8322;7.717.244.716,84597;5,69;439.110.944,98909;8.156.350.751,4757
101;2126;5,69;0,00374;0,00;0,00;0,00;0,00;0,00;0,00;0,00;0,00;0,00;0,00;0,00;0,00;0,00;0,00;0,00;0,00;0,00;0,00;0,00;0,00;0,00;0,00;0,00;0,00;0,00;0,00;0,00;0,00;0,00;0,00;0,00;0,00;0,00;0,00;0,00;0,00;0,00;0,00;0,00;0,00;0,00;0,00;0,00;0,00;0,00;0,00;0,00;0,00;0,00;0,00;0,00;0,00;0,00;0,00;0,00;0,00;0,00;0,00;0,00;8.156.350.751,4757;5,69;464.096.357,75897;8.620.447.109,23467
102;2127;5,69;0,00354;0,00;0,00;0,00;0,00;0,00;0,00;0,00;0,00;0,00;0,00;0,00;0,00;0,00;0,00;0,00;0,00;0,00;0,00;0,00;0,00;0,00;0,00;0,00;0,00;0,00;0,00;0,00;0,00;0,00;0,00;0,00;0,00;0,00;0,00;0,00;0,00;0,00;0,00;0,00;0,00;0,00;0,00;0,00;0,00;0,00;0,00;0,00;0,00;0,00;0,00;0,00;0,00;0,00;0,00;0,00;0,00;0,00;0,00;0,00;8.620.447.109,23467;5,69;490.503.440,51545;9.110.950.549,75012
103;2128;5,69;0,00335;0,00;0,00;0,00;0,00;0,00;0,00;0,00;0,00;0,00;0,00;0,00;0,00;0,00;0,00;0,00;0,00;0,00;0,00;0,00;0,00;0,00;0,00;0,00;0,00;0,00;0,00;0,00;0,00;0,00;0,00;0,00;0,00;0,00;0,00;0,00;0,00;0,00;0,00;0,00;0,00;0,00;0,00;0,00;0,00;0,00;0,00;0,00;0,00;0,00;0,00;0,00;0,00;0,00;0,00;0,00;0,00;0,00;0,00;0,00;9.110.950.549,75012;5,69;518.413.086,28078;9.629.363.636,0309
104;2129;5,69;0,00317;0,00;0,00;0,00;0,00;0,00;0,00;0,00;0,00;0,00;0,00;0,00;0,00;0,00;0,00;0,00;0,00;0,00;0,00;0,00;0,00;0,00;0,00;0,00;0,00;0,00;0,00;0,00;0,00;0,00;0,00;0,00;0,00;0,00;0,00;0,00;0,00;0,00;0,00;0,00;0,00;0,00;0,00;0,00;0,00;0,00;0,00;0,00;0,00;0,00;0,00;0,00;0,00;0,00;0,00;0,00;0,00;0,00;0,00;0,00;9.629.363.636,0309;5,69;547.910.790,89016;10.177.274.426,9211
105;2130;5,69;0,003;0,00;0,00;0,00;0,00;0,00;0,00;0,00;0,00;0,00;0,00;0,00;0,00;0,00;0,00;0,00;0,00;0,00;0,00;0,00;0,00;0,00;0,00;0,00;0,00;0,00;0,00;0,00;0,00;0,00;0,00;0,00;0,00;0,00;0,00;0,00;0,00;0,00;0,00;0,00;0,00;0,00;0,00;0,00;0,00;0,00;0,00;0,00;0,00;0,00;0,00;0,00;0,00;0,00;0,00;0,00;0,00;0,00;0,00;0,00;10.177.274.426,9211;5,69;579.086.914,89181;10.756.361.341,8129
106;2131;5,69;0,00284;0,00;0,00;0,00;0,00;0,00;0,00;0,00;0,00;0,00;0,00;0,00;0,00;0,00;0,00;0,00;0,00;0,00;0,00;0,00;0,00;0,00;0,00;0,00;0,00;0,00;0,00;0,00;0,00;0,00;0,00;0,00;0,00;0,00;0,00;0,00;0,00;0,00;0,00;0,00;0,00;0,00;0,00;0,00;0,00;0,00;0,00;0,00;0,00;0,00;0,00;0,00;0,00;0,00;0,00;0,00;0,00;0,00;0,00;0,00;10.756.361.341,8129;5,69;612.036.960,34915;11.368.398.302,1621
107;2132;5,69;0,00269;0,00;0,00;0,00;0,00;0,00;0,00;0,00;0,00;0,00;0,00;0,00;0,00;0,00;0,00;0,00;0,00;0,00;0,00;0,00;0,00;0,00;0,00;0,00;0,00;0,00;0,00;0,00;0,00;0,00;0,00;0,00;0,00;0,00;0,00;0,00;0,00;0,00;0,00;0,00;0,00;0,00;0,00;0,00;0,00;0,00;0,00;0,00;0,00;0,00;0,00;0,00;0,00;0,00;0,00;0,00;0,00;0,00;0,00;0,00;11.368.398.302,1621;5,69;646.861.863,39302;12.015.260.165,5551
108;2133;5,69;0,00255;0,00;0,00;0,00;0,00;0,00;0,00;0,00;0,00;0,00;0,00;0,00;0,00;0,00;0,00;0,00;0,00;0,00;0,00;0,00;0,00;0,00;0,00;0,00;0,00;0,00;0,00;0,00;0,00;0,00;0,00;0,00;0,00;0,00;0,00;0,00;0,00;0,00;0,00;0,00;0,00;0,00;0,00;0,00;0,00;0,00;0,00;0,00;0,00;0,00;0,00;0,00;0,00;0,00;0,00;0,00;0,00;0,00;0,00;0,00;12.015.260.165,5551;5,69;683.668.303,42009;12.698.928.468,9752
109;2134;5,69;0,00241;0,00;0,00;0,00;0,00;0,00;0,00;0,00;0,00;0,00;0,00;0,00;0,00;0,00;0,00;0,00;0,00;0,00;0,00;0,00;0,00;0,00;0,00;0,00;0,00;0,00;0,00;0,00;0,00;0,00;0,00;0,00;0,00;0,00;0,00;0,00;0,00;0,00;0,00;0,00;0,00;0,00;0,00;0,00;0,00;0,00;0,00;0,00;0,00;0,00;0,00;0,00;0,00;0,00;0,00;0,00;0,00;0,00;0,00;0,00;12.698.928.468,9752;5,69;722.569.029,88469;13.421.497.498,8599
110;2135;5,69;0,00228;0,00;0,00;0,00;0,00;0,00;0,00;0,00;0,00;0,00;0,00;0,00;0,00;0,00;0,00;0,00;0,00;0,00;0,00;0,00;0,00;0,00;0,00;0,00;0,00;0,00;0,00;0,00;0,00;0,00;0,00;0,00;0,00;0,00;0,00;0,00;0,00;0,00;0,00;0,00;0,00;0,00;0,00;0,00;0,00;0,00;0,00;0,00;0,00;0,00;0,00;0,00;0,00;0,00;0,00;0,00;0,00;0,00;0,00;0,00;13.421.497.498,8599;5,69;763.683.207,68513;14.185.180.706,545
111;2136;5,69;0,00216;0,00;0,00;0,00;0,00;0,00;0,00;0,00;0,00;0,00;0,00;0,00;0,00;0,00;0,00;0,00;0,00;0,00;0,00;0,00;0,00;0,00;0,00;0,00;0,00;0,00;0,00;0,00;0,00;0,00;0,00;0,00;0,00;0,00;0,00;0,00;0,00;0,00;0,00;0,00;0,00;0,00;0,00;0,00;0,00;0,00;0,00;0,00;0,00;0,00;0,00;0,00;0,00;0,00;0,00;0,00;0,00;0,00;0,00;0,00;14.185.180.706,545;5,69;807.136.782,20241;14.992.317.488,7474
112;2137;5,69;0,00204;0,00;0,00;0,00;0,00;0,00;0,00;0,00;0,00;0,00;0,00;0,00;0,00;0,00;0,00;0,00;0,00;0,00;0,00;0,00;0,00;0,00;0,00;0,00;0,00;0,00;0,00;0,00;0,00;0,00;0,00;0,00;0,00;0,00;0,00;0,00;0,00;0,00;0,00;0,00;0,00;0,00;0,00;0,00;0,00;0,00;0,00;0,00;0,00;0,00;0,00;0,00;0,00;0,00;0,00;0,00;0,00;0,00;0,00;0,00;14.992.317.488,7474;5,69;853.062.865,10973;15.845.380.353,8571
113;2138;5,69;0,00193;0,00;0,00;0,00;0,00;0,00;0,00;0,00;0,00;0,00;0,00;0,00;0,00;0,00;0,00;0,00;0,00;0,00;0,00;0,00;0,00;0,00;0,00;0,00;0,00;0,00;0,00;0,00;0,00;0,00;0,00;0,00;0,00;0,00;0,00;0,00;0,00;0,00;0,00;0,00;0,00;0,00;0,00;0,00;0,00;0,00;0,00;0,00;0,00;0,00;0,00;0,00;0,00;0,00;0,00;0,00;0,00;0,00;0,00;0,00;15.845.380.353,8571;5,69;901.602.142,13447;16.746.982.495,9916
114;2139;5,69;0,00183;0,00;0,00;0,00;0,00;0,00;0,00;0,00;0,00;0,00;0,00;0,00;0,00;0,00;0,00;0,00;0,00;0,00;0,00;0,00;0,00;0,00;0,00;0,00;0,00;0,00;0,00;0,00;0,00;0,00;0,00;0,00;0,00;0,00;0,00;0,00;0,00;0,00;0,00;0,00;0,00;0,00;0,00;0,00;0,00;0,00;0,00;0,00;0,00;0,00;0,00;0,00;0,00;0,00;0,00;0,00;0,00;0,00;0,00;0,00;16.746.982.495,9916;5,69;952.903.304,02192;17.699.885.800,0135
115;2140;5,69;0,00173;0,00;0,00;0,00;0,00;0,00;0,00;0,00;0,00;0,00;0,00;0,00;0,00;0,00;0,00;0,00;0,00;0,00;0,00;0,00;0,00;0,00;0,00;0,00;0,00;0,00;0,00;0,00;0,00;0,00;0,00;0,00;0,00;0,00;0,00;0,00;0,00;0,00;0,00;0,00;0,00;0,00;0,00;0,00;0,00;0,00;0,00;0,00;0,00;0,00;0,00;0,00;0,00;0,00;0,00;0,00;0,00;0,00;0,00;0,00;17.699.885.800,0135;5,69;1.007.123.502,02077;18.707.009.302,0343
116;2141;5,69;0,00164;0,00;0,00;0,00;0,00;0,00;0,00;0,00;0,00;0,00;0,00;0,00;0,00;0,00;0,00;0,00;0,00;0,00;0,00;0,00;0,00;0,00;0,00;0,00;0,00;0,00;0,00;0,00;0,00;0,00;0,00;0,00;0,00;0,00;0,00;0,00;0,00;0,00;0,00;0,00;0,00;0,00;0,00;0,00;0,00;0,00;0,00;0,00;0,00;0,00;0,00;0,00;0,00;0,00;0,00;0,00;0,00;0,00;0,00;0,00;18.707.009.302,0343;5,69;1.064.428.829,28575;19.771.438.131,3201
117;2142;5,69;0,00155;0,00;0,00;0,00;0,00;0,00;0,00;0,00;0,00;0,00;0,00;0,00;0,00;0,00;0,00;0,00;0,00;0,00;0,00;0,00;0,00;0,00;0,00;0,00;0,00;0,00;0,00;0,00;0,00;0,00;0,00;0,00;0,00;0,00;0,00;0,00;0,00;0,00;0,00;0,00;0,00;0,00;0,00;0,00;0,00;0,00;0,00;0,00;0,00;0,00;0,00;0,00;0,00;0,00;0,00;0,00;0,00;0,00;0,00;0,00;19.771.438.131,3201;5,69;1.124.994.829,67211;20.896.432.960,9922
118;2143;5,69;0,00147;0,00;0,00;0,00;0,00;0,00;0,00;0,00;0,00;0,00;0,00;0,00;0,00;0,00;0,00;0,00;0,00;0,00;0,00;0,00;0,00;0,00;0,00;0,00;0,00;0,00;0,00;0,00;0,00;0,00;0,00;0,00;0,00;0,00;0,00;0,00;0,00;0,00;0,00;0,00;0,00;0,00;0,00;0,00;0,00;0,00;0,00;0,00;0,00;0,00;0,00;0,00;0,00;0,00;0,00;0,00;0,00;0,00;0,00;0,00;20.896.432.960,9922;5,69;1.189.007.035,48046;22.085.439.996,4727
119;2144;5,69;0,00139;0,00;0,00;0,00;0,00;0,00;0,00;0,00;0,00;0,00;0,00;0,00;0,00;0,00;0,00;0,00;0,00;0,00;0,00;0,00;0,00;0,00;0,00;0,00;0,00;0,00;0,00;0,00;0,00;0,00;0,00;0,00;0,00;0,00;0,00;0,00;0,00;0,00;0,00;0,00;0,00;0,00;0,00;0,00;0,00;0,00;0,00;0,00;0,00;0,00;0,00;0,00;0,00;0,00;0,00;0,00;0,00;0,00;0,00;0,00;22.085.439.996,4727;5,69;1.256.661.535,7993;23.342.101.532,272
120;2145;5,69;0,00132;0,00;0,00;0,00;0,00;0,00;0,00;0,00;0,00;0,00;0,00;0,00;0,00;0,00;0,00;0,00;0,00;0,00;0,00;0,00;0,00;0,00;0,00;0,00;0,00;0,00;0,00;0,00;0,00;0,00;0,00;0,00;0,00;0,00;0,00;0,00;0,00;0,00;0,00;0,00;0,00;0,00;0,00;0,00;0,00;0,00;0,00;0,00;0,00;0,00;0,00;0,00;0,00;0,00;0,00;0,00;0,00;0,00;0,00;0,00;23.342.101.532,272;5,69;1.328.165.577,18628;24.670.267.109,4583
121;2146;5,69;0,00125;0,00;0,00;0,00;0,00;0,00;0,00;0,00;0,00;0,00;0,00;0,00;0,00;0,00;0,00;0,00;0,00;0,00;0,00;0,00;0,00;0,00;0,00;0,00;0,00;0,00;0,00;0,00;0,00;0,00;0,00;0,00;0,00;0,00;0,00;0,00;0,00;0,00;0,00;0,00;0,00;0,00;0,00;0,00;0,00;0,00;0,00;0,00;0,00;0,00;0,00;0,00;0,00;0,00;0,00;0,00;0,00;0,00;0,00;0,00;24.670.267.109,4583;5,69;1.403.738.198,52818;26.074.005.307,9865
122;2147;5,69;0,00118;0,00;0,00;0,00;0,00;0,00;0,00;0,00;0,00;0,00;0,00;0,00;0,00;0,00;0,00;0,00;0,00;0,00;0,00;0,00;0,00;0,00;0,00;0,00;0,00;0,00;0,00;0,00;0,00;0,00;0,00;0,00;0,00;0,00;0,00;0,00;0,00;0,00;0,00;0,00;0,00;0,00;0,00;0,00;0,00;0,00;0,00;0,00;0,00;0,00;0,00;0,00;0,00;0,00;0,00;0,00;0,00;0,00;0,00;0,00;26.074.005.307,9865;5,69;1.483.610.902,02443;27.557.616.210,0109
123;2148;5,69;0,00112;0,00;0,00;0,00;0,00;0,00;0,00;0,00;0,00;0,00;0,00;0,00;0,00;0,00;0,00;0,00;0,00;0,00;0,00;0,00;0,00;0,00;0,00;0,00;0,00;0,00;0,00;0,00;0,00;0,00;0,00;0,00;0,00;0,00;0,00;0,00;0,00;0,00;0,00;0,00;0,00;0,00;0,00;0,00;0,00;0,00;0,00;0,00;0,00;0,00;0,00;0,00;0,00;0,00;0,00;0,00;0,00;0,00;0,00;0,00;27.557.616.210,0109;5,69;1.568.028.362,34962;29.125.644.572,3605
124;2149;5,69;0,00106;0,00;0,00;0,00;0,00;0,00;0,00;0,00;0,00;0,00;0,00;0,00;0,00;0,00;0,00;0,00;0,00;0,00;0,00;0,00;0,00;0,00;0,00;0,00;0,00;0,00;0,00;0,00;0,00;0,00;0,00;0,00;0,00;0,00;0,00;0,00;0,00;0,00;0,00;0,00;0,00;0,00;0,00;0,00;0,00;0,00;0,00;0,00;0,00;0,00;0,00;0,00;0,00;0,00;0,00;0,00;0,00;0,00;0,00;0,00;29.125.644.572,3605;5,69;1.657.249.176,16731;30.782.893.748,5278
125;2150;5,69;0,001;0,00;0,00;0,00;0,00;0,00;0,00;0,00;0,00;0,00;0,00;0,00;0,00;0,00;0,00;0,00;0,00;0,00;0,00;0,00;0,00;0,00;0,00;0,00;0,00;0,00;0,00;0,00;0,00;0,00;0,00;0,00;0,00;0,00;0,00;0,00;0,00;0,00;0,00;0,00;0,00;0,00;0,00;0,00;0,00;0,00;0,00;0,00;0,00;0,00;0,00;0,00;0,00;0,00;0,00;0,00;0,00;0,00;0,00;0,00;30.782.893.748,5278;5,69;1.751.546.654,29123;32.534.440.402,819
126;2151;5,69;0,00095;0,00;0,00;0,00;0,00;0,00;0,00;0,00;0,00;0,00;0,00;0,00;0,00;0,00;0,00;0,00;0,00;0,00;0,00;0,00;0,00;0,00;0,00;0,00;0,00;0,00;0,00;0,00;0,00;0,00;0,00;0,00;0,00;0,00;0,00;0,00;0,00;0,00;0,00;0,00;0,00;0,00;0,00;0,00;0,00;0,00;0,00;0,00;0,00;0,00;0,00;0,00;0,00;0,00;0,00;0,00;0,00;0,00;0,00;0,00;32.534.440.402,819;5,69;1.851.209.658,9204;34.385.650.061,7394
127;2152;5,69;0,0009;0,00;0,00;0,00;0,00;0,00;0,00;0,00;0,00;0,00;0,00;0,00;0,00;0,00;0,00;0,00;0,00;0,00;0,00;0,00;0,00;0,00;0,00;0,00;0,00;0,00;0,00;0,00;0,00;0,00;0,00;0,00;0,00;0,00;0,00;0,00;0,00;0,00;0,00;0,00;0,00;0,00;0,00;0,00;0,00;0,00;0,00;0,00;0,00;0,00;0,00;0,00;0,00;0,00;0,00;0,00;0,00;0,00;0,00;0,00;34.385.650.061,7394;5,69;1.956.543.488,51297;36.342.193.550,2524
128;2153;5,69;0,00085;0,00;0,00;0,00;0,00;0,00;0,00;0,00;0,00;0,00;0,00;0,00;0,00;0,00;0,00;0,00;0,00;0,00;0,00;0,00;0,00;0,00;0,00;0,00;0,00;0,00;0,00;0,00;0,00;0,00;0,00;0,00;0,00;0,00;0,00;0,00;0,00;0,00;0,00;0,00;0,00;0,00;0,00;0,00;0,00;0,00;0,00;0,00;0,00;0,00;0,00;0,00;0,00;0,00;0,00;0,00;0,00;0,00;0,00;0,00;36.342.193.550,2524;5,69;2.067.870.813,00936;38.410.064.363,2618
129;2154;5,69;0,0008;0,00;0,00;0,00;0,00;0,00;0,00;0,00;0,00;0,00;0,00;0,00;0,00;0,00;0,00;0,00;0,00;0,00;0,00;0,00;0,00;0,00;0,00;0,00;0,00;0,00;0,00;0,00;0,00;0,00;0,00;0,00;0,00;0,00;0,00;0,00;0,00;0,00;0,00;0,00;0,00;0,00;0,00;0,00;0,00;0,00;0,00;0,00;0,00;0,00;0,00;0,00;0,00;0,00;0,00;0,00;0,00;0,00;0,00;0,00;38.410.064.363,2618;5,69;2.185.532.662,2696;40.595.597.025,5314
130;2155;5,69;0,00076;0,00;0,00;0,00;0,00;0,00;0,00;0,00;0,00;0,00;0,00;0,00;0,00;0,00;0,00;0,00;0,00;0,00;0,00;0,00;0,00;0,00;0,00;0,00;0,00;0,00;0,00;0,00;0,00;0,00;0,00;0,00;0,00;0,00;0,00;0,00;0,00;0,00;0,00;0,00;0,00;0,00;0,00;0,00;0,00;0,00;0,00;0,00;0,00;0,00;0,00;0,00;0,00;0,00;0,00;0,00;0,00;0,00;0,00;0,00;40.595.597.025,5314;5,69;2.309.889.470,75274;42.905.486.496,2841
131;2156;5,69;0,00072;0,00;0,00;0,00;0,00;0,00;0,00;0,00;0,00;0,00;0,00;0,00;0,00;0,00;0,00;0,00;0,00;0,00;0,00;0,00;0,00;0,00;0,00;0,00;0,00;0,00;0,00;0,00;0,00;0,00;0,00;0,00;0,00;0,00;0,00;0,00;0,00;0,00;0,00;0,00;0,00;0,00;0,00;0,00;0,00;0,00;0,00;0,00;0,00;0,00;0,00;0,00;0,00;0,00;0,00;0,00;0,00;0,00;0,00;0,00;42.905.486.496,2841;5,69;2.441.322.181,63857;45.346.808.677,9227
132;2157;5,69;0,00068;0,00;0,00;0,00;0,00;0,00;0,00;0,00;0,00;0,00;0,00;0,00;0,00;0,00;0,00;0,00;0,00;0,00;0,00;0,00;0,00;0,00;0,00;0,00;0,00;0,00;0,00;0,00;0,00;0,00;0,00;0,00;0,00;0,00;0,00;0,00;0,00;0,00;0,00;0,00;0,00;0,00;0,00;0,00;0,00;0,00;0,00;0,00;0,00;0,00;0,00;0,00;0,00;0,00;0,00;0,00;0,00;0,00;0,00;0,00;45.346.808.677,9227;5,69;2.580.233.413,7738;47.927.042.091,6965
133;2158;5,69;0,00064;0,00;0,00;0,00;0,00;0,00;0,00;0,00;0,00;0,00;0,00;0,00;0,00;0,00;0,00;0,00;0,00;0,00;0,00;0,00;0,00;0,00;0,00;0,00;0,00;0,00;0,00;0,00;0,00;0,00;0,00;0,00;0,00;0,00;0,00;0,00;0,00;0,00;0,00;0,00;0,00;0,00;0,00;0,00;0,00;0,00;0,00;0,00;0,00;0,00;0,00;0,00;0,00;0,00;0,00;0,00;0,00;0,00;0,00;0,00;47.927.042.091,6965;5,69;2.727.048.695,01753;50.654.090.786,714
134;2159;5,69;0,00061;0,00;0,00;0,00;0,00;0,00;0,00;0,00;0,00;0,00;0,00;0,00;0,00;0,00;0,00;0,00;0,00;0,00;0,00;0,00;0,00;0,00;0,00;0,00;0,00;0,00;0,00;0,00;0,00;0,00;0,00;0,00;0,00;0,00;0,00;0,00;0,00;0,00;0,00;0,00;0,00;0,00;0,00;0,00;0,00;0,00;0,00;0,00;0,00;0,00;0,00;0,00;0,00;0,00;0,00;0,00;0,00;0,00;0,00;0,00;50.654.090.786,714;5,69;2.882.217.765,76403;53.536.308.552,478
135;2160;5,69;0,00058;0,00;0,00;0,00;0,00;0,00;0,00;0,00;0,00;0,00;0,00;0,00;0,00;0,00;0,00;0,00;0,00;0,00;0,00;0,00;0,00;0,00;0,00;0,00;0,00;0,00;0,00;0,00;0,00;0,00;0,00;0,00;0,00;0,00;0,00;0,00;0,00;0,00;0,00;0,00;0,00;0,00;0,00;0,00;0,00;0,00;0,00;0,00;0,00;0,00;0,00;0,00;0,00;0,00;0,00;0,00;0,00;0,00;0,00;0,00;53.536.308.552,478;5,69;3.046.215.956,636;56.582.524.509,114
136;2161;5,69;0,00055;0,00;0,00;0,00;0,00;0,00;0,00;0,00;0,00;0,00;0,00;0,00;0,00;0,00;0,00;0,00;0,00;0,00;0,00;0,00;0,00;0,00;0,00;0,00;0,00;0,00;0,00;0,00;0,00;0,00;0,00;0,00;0,00;0,00;0,00;0,00;0,00;0,00;0,00;0,00;0,00;0,00;0,00;0,00;0,00;0,00;0,00;0,00;0,00;0,00;0,00;0,00;0,00;0,00;0,00;0,00;0,00;0,00;0,00;0,00;56.582.524.509,114;5,69;3.219.545.644,56859;59.802.070.153,6826
137;2162;5,69;0,00052;0,00;0,00;0,00;0,00;0,00;0,00;0,00;0,00;0,00;0,00;0,00;0,00;0,00;0,00;0,00;0,00;0,00;0,00;0,00;0,00;0,00;0,00;0,00;0,00;0,00;0,00;0,00;0,00;0,00;0,00;0,00;0,00;0,00;0,00;0,00;0,00;0,00;0,00;0,00;0,00;0,00;0,00;0,00;0,00;0,00;0,00;0,00;0,00;0,00;0,00;0,00;0,00;0,00;0,00;0,00;0,00;0,00;0,00;0,00;59.802.070.153,6826;5,69;3.402.737.791,74454;63.204.807.945,4271
138;2163;5,69;0,00049;0,00;0,00;0,00;0,00;0,00;0,00;0,00;0,00;0,00;0,00;0,00;0,00;0,00;0,00;0,00;0,00;0,00;0,00;0,00;0,00;0,00;0,00;0,00;0,00;0,00;0,00;0,00;0,00;0,00;0,00;0,00;0,00;0,00;0,00;0,00;0,00;0,00;0,00;0,00;0,00;0,00;0,00;0,00;0,00;0,00;0,00;0,00;0,00;0,00;0,00;0,00;0,00;0,00;0,00;0,00;0,00;0,00;0,00;0,00;63.204.807.945,4271;5,69;3.596.353.572,0948;66.801.161.517,5219
139;2164;5,69;0,00046;0,00;0,00;0,00;0,00;0,00;0,00;0,00;0,00;0,00;0,00;0,00;0,00;0,00;0,00;0,00;0,00;0,00;0,00;0,00;0,00;0,00;0,00;0,00;0,00;0,00;0,00;0,00;0,00;0,00;0,00;0,00;0,00;0,00;0,00;0,00;0,00;0,00;0,00;0,00;0,00;0,00;0,00;0,00;0,00;0,00;0,00;0,00;0,00;0,00;0,00;0,00;0,00;0,00;0,00;0,00;0,00;0,00;0,00;0,00;66.801.161.517,5219;5,69;3.800.986.090,347;70.602.147.607,8689
140;2165;5,69;0,00044;0,00;0,00;0,00;0,00;0,00;0,00;0,00;0,00;0,00;0,00;0,00;0,00;0,00;0,00;0,00;0,00;0,00;0,00;0,00;0,00;0,00;0,00;0,00;0,00;0,00;0,00;0,00;0,00;0,00;0,00;0,00;0,00;0,00;0,00;0,00;0,00;0,00;0,00;0,00;0,00;0,00;0,00;0,00;0,00;0,00;0,00;0,00;0,00;0,00;0,00;0,00;0,00;0,00;0,00;0,00;0,00;0,00;0,00;0,00;70.602.147.607,8689;5,69;4.017.262.198,88774;74.619.409.806,7566
141;2166;5,69;0,00042;0,00;0,00;0,00;0,00;0,00;0,00;0,00;0,00;0,00;0,00;0,00;0,00;0,00;0,00;0,00;0,00;0,00;0,00;0,00;0,00;0,00;0,00;0,00;0,00;0,00;0,00;0,00;0,00;0,00;0,00;0,00;0,00;0,00;0,00;0,00;0,00;0,00;0,00;0,00;0,00;0,00;0,00;0,00;0,00;0,00;0,00;0,00;0,00;0,00;0,00;0,00;0,00;0,00;0,00;0,00;0,00;0,00;0,00;0,00;74.619.409.806,7566;5,69;4.245.844.418,00445;78.865.254.224,7611
142;2167;5,69;0,0004;0,00;0,00;0,00;0,00;0,00;0,00;0,00;0,00;0,00;0,00;0,00;0,00;0,00;0,00;0,00;0,00;0,00;0,00;0,00;0,00;0,00;0,00;0,00;0,00;0,00;0,00;0,00;0,00;0,00;0,00;0,00;0,00;0,00;0,00;0,00;0,00;0,00;0,00;0,00;0,00;0,00;0,00;0,00;0,00;0,00;0,00;0,00;0,00;0,00;0,00;0,00;0,00;0,00;0,00;0,00;0,00;0,00;0,00;0,00;78.865.254.224,7611;5,69;4.487.432.965,38891;83.352.687.190,15
143;2168;5,69;0,00038;0,00;0,00;0,00;0,00;0,00;0,00;0,00;0,00;0,00;0,00;0,00;0,00;0,00;0,00;0,00;0,00;0,00;0,00;0,00;0,00;0,00;0,00;0,00;0,00;0,00;0,00;0,00;0,00;0,00;0,00;0,00;0,00;0,00;0,00;0,00;0,00;0,00;0,00;0,00;0,00;0,00;0,00;0,00;0,00;0,00;0,00;0,00;0,00;0,00;0,00;0,00;0,00;0,00;0,00;0,00;0,00;0,00;0,00;0,00;83.352.687.190,15;5,69;4.742.767.901,11954;88.095.455.091,2695
144;2169;5,69;0,00036;0,00;0,00;0,00;0,00;0,00;0,00;0,00;0,00;0,00;0,00;0,00;0,00;0,00;0,00;0,00;0,00;0,00;0,00;0,00;0,00;0,00;0,00;0,00;0,00;0,00;0,00;0,00;0,00;0,00;0,00;0,00;0,00;0,00;0,00;0,00;0,00;0,00;0,00;0,00;0,00;0,00;0,00;0,00;0,00;0,00;0,00;0,00;0,00;0,00;0,00;0,00;0,00;0,00;0,00;0,00;0,00;0,00;0,00;0,00;88.095.455.091,2695;5,69;5.012.631.394,69324;93.108.086.485,9627
145;2170;5,69;0,00034;0,00;0,00;0,00;0,00;0,00;0,00;0,00;0,00;0,00;0,00;0,00;0,00;0,00;0,00;0,00;0,00;0,00;0,00;0,00;0,00;0,00;0,00;0,00;0,00;0,00;0,00;0,00;0,00;0,00;0,00;0,00;0,00;0,00;0,00;0,00;0,00;0,00;0,00;0,00;0,00;0,00;0,00;0,00;0,00;0,00;0,00;0,00;0,00;0,00;0,00;0,00;0,00;0,00;0,00;0,00;0,00;0,00;0,00;0,00;93.108.086.485,9627;5,69;5.297.850.121,05128;98.405.936.607,014
146;2171;5,69;0,00032;0,00;0,00;0,00;0,00;0,00;0,00;0,00;0,00;0,00;0,00;0,00;0,00;0,00;0,00;0,00;0,00;0,00;0,00;0,00;0,00;0,00;0,00;0,00;0,00;0,00;0,00;0,00;0,00;0,00;0,00;0,00;0,00;0,00;0,00;0,00;0,00;0,00;0,00;0,00;0,00;0,00;0,00;0,00;0,00;0,00;0,00;0,00;0,00;0,00;0,00;0,00;0,00;0,00;0,00;0,00;0,00;0,00;0,00;0,00;98.405.936.607,014;5,69;5.599.297.792,9391;104.005.234.399,953
147;2172;5,69;0,0003;0,00;0,00;0,00;0,00;0,00;0,00;0,00;0,00;0,00;0,00;0,00;0,00;0,00;0,00;0,00;0,00;0,00;0,00;0,00;0,00;0,00;0,00;0,00;0,00;0,00;0,00;0,00;0,00;0,00;0,00;0,00;0,00;0,00;0,00;0,00;0,00;0,00;0,00;0,00;0,00;0,00;0,00;0,00;0,00;0,00;0,00;0,00;0,00;0,00;0,00;0,00;0,00;0,00;0,00;0,00;0,00;0,00;0,00;0,00;104.005.234.399,953;5,69;5.917.897.837,35733;109.923.132.237,31
148;2173;5,69;0,00028;0,00;0,00;0,00;0,00;0,00;0,00;0,00;0,00;0,00;0,00;0,00;0,00;0,00;0,00;0,00;0,00;0,00;0,00;0,00;0,00;0,00;0,00;0,00;0,00;0,00;0,00;0,00;0,00;0,00;0,00;0,00;0,00;0,00;0,00;0,00;0,00;0,00;0,00;0,00;0,00;0,00;0,00;0,00;0,00;0,00;0,00;0,00;0,00;0,00;0,00;0,00;0,00;0,00;0,00;0,00;0,00;0,00;0,00;0,00;109.923.132.237,31;5,69;6.254.626.224,30294;116.177.758.461,613
149;2174;5,69;0,00026;0,00;0,00;0,00;0,00;0,00;0,00;0,00;0,00;0,00;0,00;0,00;0,00;0,00;0,00;0,00;0,00;0,00;0,00;0,00;0,00;0,00;0,00;0,00;0,00;0,00;0,00;0,00;0,00;0,00;0,00;0,00;0,00;0,00;0,00;0,00;0,00;0,00;0,00;0,00;0,00;0,00;0,00;0,00;0,00;0,00;0,00;0,00;0,00;0,00;0,00;0,00;0,00;0,00;0,00;0,00;0,00;0,00;0,00;0,00;116.177.758.461,613;5,69;6.610.514.456,46578;122.788.272.918,079
150;2175;5,69;0,00025;0,00;0,00;0,00;0,00;0,00;0,00;0,00;0,00;0,00;0,00;0,00;0,00;0,00;0,00;0,00;0,00;0,00;0,00;0,00;0,00;0,00;0,00;0,00;0,00;0,00;0,00;0,00;0,00;0,00;0,00;0,00;0,00;0,00;0,00;0,00;0,00;0,00;0,00;0,00;0,00;0,00;0,00;0,00;0,00;0,00;0,00;0,00;0,00;0,00;0,00;0,00;0,00;0,00;0,00;0,00;0,00;0,00;0,00;0,00;122.788.272.918,079;5,69;6.986.652.729,0387;129.774.925.647,118
Totais de Controle:;;;;1.191.583.479,92;9.009.798,88;0,00;9.009.798,88;0,00;0,00;104.495,61;17.831.290,57;166.821.687,19;111.694.495,03;55.127.192,16;0,00;0,00;0,00;0,00;0,00;166.821.687,19;111.694.495,03;55.127.192,16;0,00;0,00;0,00;0,00;0,00;280.221,60;249.610,45;0,00;0,00;30.611,15;1.934.295,48;1.934.295,48;0,00;0,00;0,00;0,00;86.120.132,71;199.879.384,68;179.576.202,39;0,00;828.379.196,29;427.405.622,10;27.122.923,10;329.502.888,31;0,00;17.993.187,78;52.786.622,91;0,00;1.722.402.654,18;695.957.529,52;610.495.148,30;0,00;102.233.416,06;67.007.331,99;246.709.228,31;0,00;0,00;0,00;2.149.808.276,27;-1.321.429.079,98;SUPER¡VIT ATUARIAL;;;
Totais de Controle  a Valor Atual:;;;;641.833.823,87;4.151.318,59;0,00;4.151.318,59;0,00;0,00;48.149,26;8.436.305,13;89.856.735,35;57.032.075,19;32.824.660,16;0,00;0,00;0,00;0,00;0,00;89.856.735,35;57.032.075,19;32.824.660,16;0,00;0,00;0,00;0,00;0,00;36.744,12;30.560,49;0,00;0,00;6.183,63;499.748,61;499.748,61;0,00;0,00;0,00;0,00;17.627.793,87;90.471.297,91;109.466.336,82;0,00;410.451.165,01;196.439.771,60;14.234.090,68;154.492.011,85;0,00;7.743.629,01;19.970.040,06;0,00;352.555.877,39;118.919.746,14;148.482.570,71;0,00;23.113.557,32;16.152.162,83;45.887.840,39;0,00;0,00;0,00;548.995.648,99;-138.544.483,98;40.096.853,18 ;;;
